order_item_id,order_id,product_id,quantity,customer_id,order_date,total_amount,name,city,email,signup_date,product_name,category,price
1,3462,34,4,710,11/23/2023,1928.24,Customer_710,Mansoura,customer710@example.com,2/4/2023,Product_34,Clothing,4372.79
2,4047,39,5,1392,7/12/2022,4508.94,Customer_1392,Giza,customer1392@example.com,10/26/2024,Product_39,Clothing,3859.21
3,4794,11,3,1700,5/23/2021,6008.71,Customer_1700,Tanta,customer1700@example.com,8/2/2024,Product_11,Books,4911.93
4,4627,69,4,2883,5/27/2022,1965.88,Customer_2883,Mansoura,customer2883@example.com,5/3/2021,Product_69,Books,3830.58
5,2757,99,1,1006,2/25/2023,3148.07,Customer_1006,Giza,customer1006@example.com,11/16/2022,Product_99,Food,1026.63
6,2490,93,5,186,6/27/2023,3644.22,Customer_186,Giza,customer186@example.com,4/3/2021,Product_93,Food,400.32
7,4152,74,4,2419,8/1/2022,1617.18,Customer_2419,Cairo,customer2419@example.com,6/9/2024,Product_74,Books,1450.23
8,2435,60,2,2406,1/14/2022,6259.64,Customer_2406,Alexandria,customer2406@example.com,11/2/2024,Product_60,Books,3144.78
9,3209,15,5,207,3/21/2022,5649.75,Customer_207,Mansoura,customer207@example.com,5/20/2023,Product_15,Food,4986.15
10,955,34,2,10,3/5/2024,1251.52,Customer_10,Tanta,customer10@example.com,3/2/2024,Product_34,Clothing,4372.79
11,734,71,4,2094,7/16/2023,7929.17,Customer_2094,Alexandria,customer2094@example.com,4/3/2021,Product_71,Food,2771.35
12,226,4,4,668,1/8/2024,9484.11,Customer_668,Mansoura,customer668@example.com,3/22/2021,Product_4,Books,4854.34
13,4648,51,5,526,5/2/2024,994.67,Customer_526,Mansoura,customer526@example.com,10/16/2020,Product_51,Clothing,743.17
14,2040,35,3,1033,12/28/2021,7248.51,Customer_1033,Alexandria,customer1033@example.com,10/1/2024,Product_35,Electronics,4514.18
15,4554,20,5,2551,12/24/2024,7624.34,Customer_2551,Alexandria,customer2551@example.com,1/17/2022,Product_20,Books,3971.54
16,742,80,4,441,9/13/2022,7098.33,Customer_441,Cairo,customer441@example.com,11/6/2020,Product_80,Books,1059.08
17,1751,74,2,857,9/1/2023,1914.11,Customer_857,Cairo,customer857@example.com,12/21/2021,Product_74,Books,1450.23
18,3816,80,1,2231,2/16/2021,2658.07,Customer_2231,Giza,customer2231@example.com,9/20/2021,Product_80,Books,1059.08
19,2122,89,2,1371,8/28/2022,1544.09,Customer_1371,Alexandria,customer1371@example.com,4/1/2024,Product_89,Electronics,3701.86
20,4861,33,5,1901,6/8/2023,8148.85,Customer_1901,Giza,customer1901@example.com,11/28/2021,Product_33,Books,3039.13
21,1713,53,4,2092,1/6/2024,4199.58,Customer_2092,Giza,customer2092@example.com,1/14/2024,Product_53,Food,3135.69
22,2635,74,4,1511,9/5/2023,8665.54,Customer_1511,Mansoura,customer1511@example.com,11/23/2023,Product_74,Books,1450.23
23,4846,31,4,1290,3/23/2024,1894.24,Customer_1290,Mansoura,customer1290@example.com,8/7/2023,Product_31,Clothing,803.97
24,1435,30,4,1461,5/23/2023,3176.85,Customer_1461,Alexandria,customer1461@example.com,7/4/2022,Product_30,Food,1100.71
25,368,61,1,2439,9/30/2024,9554.65,Customer_2439,Tanta,customer2439@example.com,3/13/2020,Product_61,Clothing,4887.51
26,1602,55,1,2376,5/7/2022,1061.96,Customer_2376,Mansoura,customer2376@example.com,1/3/2021,Product_55,Food,1039.6
27,1929,24,4,1057,6/4/2022,6669.58,Customer_1057,Giza,customer1057@example.com,9/14/2021,Product_24,Books,143.69
28,792,69,1,2938,1/14/2022,5284.22,Customer_2938,Mansoura,customer2938@example.com,4/9/2024,Product_69,Books,3830.58
29,3807,91,4,655,11/17/2023,5326.29,Customer_655,Alexandria,customer655@example.com,4/24/2020,Product_91,Food,1957.69
30,2897,50,3,1173,6/30/2023,4075.31,Customer_1173,Cairo,customer1173@example.com,11/17/2020,Product_50,Food,3820.03
31,4380,91,2,1688,1/26/2023,9244.86,Customer_1688,Giza,customer1688@example.com,1/20/2022,Product_91,Food,1957.69
32,4536,27,2,1817,5/15/2022,8610.7,Customer_1817,Tanta,customer1817@example.com,1/17/2020,Product_27,Books,2083.82
33,4496,55,4,319,2/6/2023,2888.78,Customer_319,Cairo,customer319@example.com,6/4/2020,Product_55,Food,1039.6
34,1201,22,4,790,8/23/2023,9706.35,Customer_790,Mansoura,customer790@example.com,7/20/2022,Product_22,Books,4732.78
35,2022,51,1,2322,10/13/2024,7849.3,Customer_2322,Cairo,customer2322@example.com,11/10/2022,Product_51,Clothing,743.17
36,4467,30,1,2855,11/13/2021,4638.62,Customer_2855,Cairo,customer2855@example.com,2/17/2020,Product_30,Food,1100.71
37,4149,89,1,478,1/2/2021,4159.75,Customer_478,Giza,customer478@example.com,4/10/2025,Product_89,Electronics,3701.86
38,3095,81,2,1158,12/15/2022,8035.18,Customer_1158,Giza,customer1158@example.com,5/2/2024,Product_81,Electronics,1778.51
39,369,76,3,1098,3/8/2021,7710.92,Customer_1098,Giza,customer1098@example.com,6/19/2024,Product_76,Food,3766.34
40,4655,81,3,2640,11/18/2021,1386.85,Customer_2640,Tanta,customer2640@example.com,7/22/2023,Product_81,Electronics,1778.51
41,3730,46,2,1785,6/7/2023,6069.36,Customer_1785,Alexandria,customer1785@example.com,8/12/2023,Product_46,Books,4701.18
42,3547,15,2,1517,9/5/2022,9522.68,Customer_1517,Mansoura,customer1517@example.com,9/16/2022,Product_15,Food,4986.15
43,3573,6,3,1126,4/15/2021,4933.69,Customer_1126,Tanta,customer1126@example.com,5/24/2024,Product_6,Clothing,2452.37
44,4588,43,2,212,7/2/2023,3752.03,Customer_212,Mansoura,customer212@example.com,10/13/2023,Product_43,Electronics,4285.71
45,3781,59,2,1422,4/14/2024,1180.19,Customer_1422,Mansoura,customer1422@example.com,10/20/2021,Product_59,Books,4667.97
46,1660,7,5,515,9/30/2022,3061.42,Customer_515,Tanta,customer515@example.com,6/7/2022,Product_7,Food,592
47,1427,56,2,1399,1/14/2021,8157.06,Customer_1399,Tanta,customer1399@example.com,7/2/2020,Product_56,Clothing,3991.47
48,4028,5,5,1890,1/2/2023,7187.48,Customer_1890,Cairo,customer1890@example.com,5/12/2023,Product_5,Electronics,3605.83
49,1679,2,3,2714,10/29/2024,3029.67,Customer_2714,Giza,customer2714@example.com,11/26/2020,Product_2,Clothing,3751.87
50,3994,86,4,587,6/11/2021,4106.7,Customer_587,Mansoura,customer587@example.com,3/29/2023,Product_86,Clothing,2017.27
51,1072,73,1,2969,4/28/2024,8965.93,Customer_2969,Giza,customer2969@example.com,11/22/2021,Product_73,Food,4973.65
52,276,56,5,186,11/28/2024,8083.1,Customer_186,Giza,customer186@example.com,4/3/2021,Product_56,Clothing,3991.47
53,831,56,5,2268,12/6/2021,2124.26,Customer_2268,Alexandria,customer2268@example.com,8/8/2020,Product_56,Clothing,3991.47
54,2029,12,2,1878,2/19/2022,1190.76,Customer_1878,Giza,customer1878@example.com,1/31/2025,Product_12,Electronics,1616.26
55,3650,78,1,1035,11/22/2022,5789.88,Customer_1035,Alexandria,customer1035@example.com,6/15/2023,Product_78,Clothing,500.25
56,3042,58,1,2462,1/28/2022,5034.7,Customer_2462,Tanta,customer2462@example.com,2/6/2024,Product_58,Clothing,362.65
57,4417,14,3,576,8/24/2024,3100.69,Customer_576,Mansoura,customer576@example.com,9/25/2021,Product_14,Clothing,1343.5
58,548,63,5,97,11/27/2022,1777.71,Customer_97,Giza,customer97@example.com,11/22/2020,Product_63,Food,4448.47
59,2350,65,1,2340,9/25/2024,1542.98,Customer_2340,Cairo,customer2340@example.com,7/6/2021,Product_65,Clothing,3948.51
60,4290,92,2,2958,11/12/2024,4973.18,Customer_2958,Giza,customer2958@example.com,3/22/2025,Product_92,Food,4734.4
61,3318,19,3,2475,6/28/2021,9922.59,Customer_2475,Mansoura,customer2475@example.com,7/1/2020,Product_19,Clothing,4776.48
62,4792,100,1,762,7/15/2021,8325.34,Customer_762,Alexandria,customer762@example.com,4/23/2024,Product_100,Electronics,3739.43
63,1180,63,2,2179,8/8/2021,384.86,Customer_2179,Mansoura,customer2179@example.com,1/24/2024,Product_63,Food,4448.47
64,3928,91,4,257,7/28/2022,1355.11,Customer_257,Giza,customer257@example.com,5/24/2023,Product_91,Food,1957.69
65,4470,92,4,2942,9/24/2022,7064.55,Customer_2942,Alexandria,customer2942@example.com,9/3/2022,Product_92,Food,4734.4
66,760,82,5,2853,12/17/2024,2273.58,Customer_2853,Alexandria,customer2853@example.com,9/6/2023,Product_82,Books,4288.29
67,1817,17,2,145,7/28/2021,8756.41,Customer_145,Alexandria,customer145@example.com,6/12/2025,Product_17,Food,1236.08
68,3653,19,2,2162,8/28/2023,7767.25,Customer_2162,Alexandria,customer2162@example.com,6/4/2023,Product_19,Clothing,4776.48
69,355,90,3,2920,10/20/2021,3646.3,Customer_2920,Tanta,customer2920@example.com,10/29/2021,Product_90,Electronics,4526.98
70,1918,88,2,2443,1/8/2021,1385.93,Customer_2443,Giza,customer2443@example.com,1/26/2024,Product_88,Electronics,4918.9
71,1427,37,1,1399,1/14/2021,8157.06,Customer_1399,Tanta,customer1399@example.com,7/2/2020,Product_37,Clothing,3357.82
72,816,37,1,1278,8/1/2021,2128.89,Customer_1278,Tanta,customer1278@example.com,12/30/2023,Product_37,Clothing,3357.82
73,1493,90,5,2495,2/21/2023,359.75,Customer_2495,Mansoura,customer2495@example.com,8/19/2022,Product_90,Electronics,4526.98
74,3482,48,1,1207,3/12/2023,6181.64,Customer_1207,Alexandria,customer1207@example.com,1/28/2023,Product_48,Food,1377.81
75,1655,66,4,1031,8/30/2024,7426.39,Customer_1031,Alexandria,customer1031@example.com,5/30/2022,Product_66,Electronics,1025.97
76,1660,9,1,515,9/30/2022,3061.42,Customer_515,Tanta,customer515@example.com,6/7/2022,Product_9,Food,3000.69
77,1786,48,1,1140,10/7/2023,1344.38,Customer_1140,Tanta,customer1140@example.com,6/12/2023,Product_48,Food,1377.81
78,455,39,1,1399,9/1/2024,1939.37,Customer_1399,Tanta,customer1399@example.com,7/2/2020,Product_39,Clothing,3859.21
79,1071,56,1,465,6/21/2022,6071.23,Customer_465,Giza,customer465@example.com,2/13/2020,Product_56,Clothing,3991.47
80,1821,50,1,1611,5/6/2023,2263.15,Customer_1611,Tanta,customer1611@example.com,10/1/2020,Product_50,Food,3820.03
81,2061,6,1,1554,4/19/2023,8342.18,Customer_1554,Alexandria,customer1554@example.com,4/3/2025,Product_6,Clothing,2452.37
82,1714,100,5,1467,9/23/2023,9735.33,Customer_1467,Tanta,customer1467@example.com,9/27/2021,Product_100,Electronics,3739.43
83,566,85,3,283,11/7/2024,3836.93,Customer_283,Cairo,customer283@example.com,2/28/2021,Product_85,Clothing,1711.88
84,486,43,5,1510,5/6/2024,3550.19,Customer_1510,Cairo,customer1510@example.com,8/23/2020,Product_43,Electronics,4285.71
85,1251,21,2,1241,5/24/2021,4419.36,Customer_1241,Mansoura,customer1241@example.com,12/1/2023,Product_21,Electronics,96.34
86,3456,90,5,2040,2/6/2021,5814.72,Customer_2040,Cairo,customer2040@example.com,11/2/2021,Product_90,Electronics,4526.98
87,2293,84,3,2720,10/6/2023,5643.01,Customer_2720,Alexandria,customer2720@example.com,7/4/2024,Product_84,Electronics,2027.35
88,1478,62,1,627,5/12/2022,6872.07,Customer_627,Alexandria,customer627@example.com,2/20/2023,Product_62,Books,3842.23
89,3511,7,4,480,10/1/2023,2835.43,Customer_480,Cairo,customer480@example.com,8/28/2024,Product_7,Food,592
90,307,99,3,197,2/28/2022,2434.4,Customer_197,Giza,customer197@example.com,6/29/2020,Product_99,Food,1026.63
91,416,16,4,1759,11/3/2021,5721.74,Customer_1759,Cairo,customer1759@example.com,5/12/2025,Product_16,Books,2927.96
92,4619,73,4,481,1/12/2022,2371.65,Customer_481,Tanta,customer481@example.com,2/13/2022,Product_73,Food,4973.65
93,1976,39,5,1984,6/10/2021,5940.19,Customer_1984,Tanta,customer1984@example.com,12/16/2023,Product_39,Clothing,3859.21
94,4664,41,2,1954,11/15/2022,4273.44,Customer_1954,Mansoura,customer1954@example.com,1/12/2023,Product_41,Electronics,956.49
95,2216,90,3,545,10/21/2024,9926.53,Customer_545,Tanta,customer545@example.com,12/11/2022,Product_90,Electronics,4526.98
96,4499,51,5,1709,11/6/2021,1096.24,Customer_1709,Alexandria,customer1709@example.com,6/27/2023,Product_51,Clothing,743.17
97,4028,66,1,1890,1/2/2023,7187.48,Customer_1890,Cairo,customer1890@example.com,5/12/2023,Product_66,Electronics,1025.97
98,1918,65,3,2443,1/8/2021,1385.93,Customer_2443,Giza,customer2443@example.com,1/26/2024,Product_65,Clothing,3948.51
99,1469,23,3,1063,7/8/2023,3839.46,Customer_1063,Cairo,customer1063@example.com,11/28/2020,Product_23,Food,3477.2
100,4752,78,1,713,8/4/2024,4174.44,Customer_713,Alexandria,customer713@example.com,3/25/2021,Product_78,Clothing,500.25
101,3301,27,4,1233,1/19/2022,4958.81,Customer_1233,Cairo,customer1233@example.com,6/22/2024,Product_27,Books,2083.82
102,3854,43,4,968,1/13/2022,2143.79,Customer_968,Alexandria,customer968@example.com,12/10/2023,Product_43,Electronics,4285.71
103,3352,98,4,2208,6/13/2022,9023.73,Customer_2208,Mansoura,customer2208@example.com,9/26/2021,Product_98,Clothing,76.04
104,1387,15,4,450,2/1/2023,6127.72,Customer_450,Giza,customer450@example.com,8/22/2022,Product_15,Food,4986.15
105,302,88,3,2897,12/10/2021,8848.03,Customer_2897,Alexandria,customer2897@example.com,2/18/2020,Product_88,Electronics,4918.9
106,441,1,1,2964,8/18/2022,6995.31,Customer_2964,Giza,customer2964@example.com,2/10/2024,Product_1,Electronics,213.03
107,2260,1,4,1703,7/10/2022,9783.89,Customer_1703,Cairo,customer1703@example.com,12/23/2023,Product_1,Electronics,213.03
108,3744,68,2,1,7/22/2024,4148.65,Customer_1,Alexandria,customer1@example.com,10/21/2021,Product_68,Books,2107.14
109,575,15,4,209,5/20/2024,3831.3,Customer_209,Mansoura,customer209@example.com,4/28/2020,Product_15,Food,4986.15
110,3480,43,5,891,9/5/2023,9238.62,Customer_891,Cairo,customer891@example.com,1/28/2025,Product_43,Electronics,4285.71
111,873,2,3,2654,9/30/2024,535,Customer_2654,Alexandria,customer2654@example.com,1/30/2025,Product_2,Clothing,3751.87
112,4058,11,3,136,3/8/2024,4726.53,Customer_136,Tanta,customer136@example.com,10/2/2022,Product_11,Books,4911.93
113,3361,77,5,2338,9/25/2021,8511.64,Customer_2338,Tanta,customer2338@example.com,4/11/2021,Product_77,Food,4530.49
114,4080,29,2,2808,4/11/2024,6417.97,Customer_2808,Tanta,customer2808@example.com,4/4/2025,Product_29,Electronics,4798.18
115,1177,75,1,877,7/3/2021,160.39,Customer_877,Cairo,customer877@example.com,5/19/2023,Product_75,Electronics,1101.96
116,4257,75,4,490,12/26/2023,6102.47,Customer_490,Tanta,customer490@example.com,5/25/2022,Product_75,Electronics,1101.96
117,2431,1,2,2830,4/6/2021,1289.52,Customer_2830,Mansoura,customer2830@example.com,2/18/2020,Product_1,Electronics,213.03
118,2267,18,1,1945,10/25/2022,1272.25,Customer_1945,Alexandria,customer1945@example.com,3/28/2020,Product_18,Electronics,1004.49
119,4104,75,2,1064,11/25/2022,276.54,Customer_1064,Alexandria,customer1064@example.com,12/29/2024,Product_75,Electronics,1101.96
120,2111,93,3,96,8/4/2024,6483.95,Customer_96,Giza,customer96@example.com,1/23/2023,Product_93,Food,400.32
121,3097,23,1,642,1/8/2024,6205.46,Customer_642,Giza,customer642@example.com,12/8/2021,Product_23,Food,3477.2
122,4705,47,3,2071,6/27/2021,4943.82,Customer_2071,Cairo,customer2071@example.com,12/10/2020,Product_47,Electronics,3315.91
123,1400,14,3,2542,11/17/2024,3900.63,Customer_2542,Alexandria,customer2542@example.com,1/28/2021,Product_14,Clothing,1343.5
124,1506,9,4,2621,1/14/2025,6663.11,Customer_2621,Giza,customer2621@example.com,4/5/2023,Product_9,Food,3000.69
125,2873,98,1,1142,5/2/2024,3982.65,Customer_1142,Alexandria,customer1142@example.com,4/4/2022,Product_98,Clothing,76.04
126,1976,11,4,1984,6/10/2021,5940.19,Customer_1984,Tanta,customer1984@example.com,12/16/2023,Product_11,Books,4911.93
127,3601,85,3,2125,5/1/2023,9357.6,Customer_2125,Mansoura,customer2125@example.com,6/23/2022,Product_85,Clothing,1711.88
128,4081,60,4,2908,10/18/2021,8613.11,Customer_2908,Cairo,customer2908@example.com,6/12/2021,Product_60,Books,3144.78
129,2362,20,4,2909,2/17/2022,5172.1,Customer_2909,Alexandria,customer2909@example.com,4/7/2022,Product_20,Books,3971.54
130,2559,4,3,1895,12/19/2024,5098.22,Customer_1895,Alexandria,customer1895@example.com,5/10/2020,Product_4,Books,4854.34
131,1828,81,5,353,9/23/2022,7290.95,Customer_353,Tanta,customer353@example.com,1/22/2023,Product_81,Electronics,1778.51
132,3881,27,1,286,11/24/2023,2894.69,Customer_286,Cairo,customer286@example.com,12/14/2021,Product_27,Books,2083.82
133,3809,62,2,2096,10/17/2022,5652.93,Customer_2096,Tanta,customer2096@example.com,3/18/2025,Product_62,Books,3842.23
134,2585,72,3,1233,11/21/2024,5845.15,Customer_1233,Cairo,customer1233@example.com,6/22/2024,Product_72,Books,3410.88
135,348,9,2,1485,3/10/2023,9767.65,Customer_1485,Tanta,customer1485@example.com,5/27/2023,Product_9,Food,3000.69
136,2750,98,3,2102,6/18/2022,9902.3,Customer_2102,Alexandria,customer2102@example.com,2/8/2020,Product_98,Clothing,76.04
137,2875,18,4,708,11/9/2022,9524.65,Customer_708,Mansoura,customer708@example.com,1/14/2023,Product_18,Electronics,1004.49
138,4268,31,3,994,9/20/2024,5737.68,Customer_994,Tanta,customer994@example.com,12/27/2020,Product_31,Clothing,803.97
139,4081,58,5,2908,10/18/2021,8613.11,Customer_2908,Cairo,customer2908@example.com,6/12/2021,Product_58,Clothing,362.65
140,412,79,3,396,9/1/2023,2654.86,Customer_396,Mansoura,customer396@example.com,2/15/2023,Product_79,Electronics,3626.75
141,2135,33,1,2531,8/7/2022,8105.14,Customer_2531,Tanta,customer2531@example.com,7/8/2021,Product_33,Books,3039.13
142,2429,74,2,844,10/7/2023,2935.21,Customer_844,Giza,customer844@example.com,8/24/2022,Product_74,Books,1450.23
143,3639,1,3,446,9/26/2021,6315.01,Customer_446,Cairo,customer446@example.com,7/1/2024,Product_1,Electronics,213.03
144,4194,64,2,2499,9/7/2021,3983.43,Customer_2499,Mansoura,customer2499@example.com,12/8/2021,Product_64,Clothing,702.02
145,3706,33,4,1466,6/21/2023,6642.7,Customer_1466,Cairo,customer1466@example.com,5/5/2021,Product_33,Books,3039.13
146,4226,65,3,1153,1/4/2025,5000.99,Customer_1153,Giza,customer1153@example.com,8/27/2022,Product_65,Clothing,3948.51
147,3366,43,5,1864,10/31/2024,3001.14,Customer_1864,Alexandria,customer1864@example.com,3/21/2024,Product_43,Electronics,4285.71
148,236,32,4,2178,1/4/2024,1110.42,Customer_2178,Tanta,customer2178@example.com,1/29/2024,Product_32,Clothing,612.61
149,707,77,5,741,1/8/2025,4150.17,Customer_741,Tanta,customer741@example.com,4/12/2023,Product_77,Food,4530.49
150,2158,88,4,925,1/20/2021,4054.78,Customer_925,Cairo,customer925@example.com,11/27/2020,Product_88,Electronics,4918.9
151,3624,43,4,492,2/12/2023,9330.12,Customer_492,Mansoura,customer492@example.com,4/6/2025,Product_43,Electronics,4285.71
152,4921,77,3,41,7/5/2022,8558.34,Customer_41,Cairo,customer41@example.com,4/5/2023,Product_77,Food,4530.49
153,1872,79,4,2595,5/31/2022,8179.51,Customer_2595,Cairo,customer2595@example.com,5/9/2020,Product_79,Electronics,3626.75
154,3865,25,2,1008,4/17/2024,7383.13,Customer_1008,Giza,customer1008@example.com,7/26/2024,Product_25,Food,1357.47
155,4373,5,4,2302,11/29/2024,8538.51,Customer_2302,Tanta,customer2302@example.com,1/4/2021,Product_5,Electronics,3605.83
156,448,46,5,2018,12/28/2021,8376.72,Customer_2018,Giza,customer2018@example.com,5/20/2024,Product_46,Books,4701.18
157,4877,72,2,1095,5/5/2021,1693.57,Customer_1095,Alexandria,customer1095@example.com,5/26/2023,Product_72,Books,3410.88
158,251,41,5,2035,1/9/2022,5393.31,Customer_2035,Alexandria,customer2035@example.com,11/11/2021,Product_41,Electronics,956.49
159,3355,81,1,2245,3/17/2024,769,Customer_2245,Cairo,customer2245@example.com,2/12/2021,Product_81,Electronics,1778.51
160,231,24,1,986,5/11/2021,8307.77,Customer_986,Alexandria,customer986@example.com,9/13/2022,Product_24,Books,143.69
161,2068,69,2,634,2/14/2024,7439,Customer_634,Mansoura,customer634@example.com,7/26/2020,Product_69,Books,3830.58
162,360,28,2,2973,11/11/2022,8560.24,Customer_2973,Mansoura,customer2973@example.com,9/28/2024,Product_28,Clothing,3000.39
163,419,24,3,2665,8/9/2024,7682.04,Customer_2665,Alexandria,customer2665@example.com,8/12/2023,Product_24,Books,143.69
164,2291,18,5,2486,12/20/2024,8570.69,Customer_2486,Mansoura,customer2486@example.com,9/11/2022,Product_18,Electronics,1004.49
165,3244,64,1,2678,2/19/2023,5480.99,Customer_2678,Tanta,customer2678@example.com,11/25/2024,Product_64,Clothing,702.02
166,4088,70,5,661,11/4/2022,9748.32,Customer_661,Giza,customer661@example.com,10/25/2020,Product_70,Electronics,2993.19
167,2179,76,5,2427,8/7/2023,3382.48,Customer_2427,Mansoura,customer2427@example.com,11/3/2020,Product_76,Food,3766.34
168,4419,75,3,328,9/3/2021,1132.7,Customer_328,Cairo,customer328@example.com,6/30/2020,Product_75,Electronics,1101.96
169,838,93,4,1803,2/2/2023,1299.31,Customer_1803,Alexandria,customer1803@example.com,5/29/2020,Product_93,Food,400.32
170,702,8,4,1148,4/11/2022,9245.65,Customer_1148,Alexandria,customer1148@example.com,7/31/2024,Product_8,Clothing,1366.58
171,4349,53,1,501,8/27/2022,5477.81,Customer_501,Tanta,customer501@example.com,2/28/2020,Product_53,Food,3135.69
172,847,54,2,2998,11/21/2024,7242.29,Customer_2998,Alexandria,customer2998@example.com,3/22/2020,Product_54,Clothing,1537.55
173,3759,27,4,1713,5/23/2022,4707.52,Customer_1713,Cairo,customer1713@example.com,9/18/2024,Product_27,Books,2083.82
174,2125,66,4,2466,11/13/2021,3870.85,Customer_2466,Cairo,customer2466@example.com,7/20/2020,Product_66,Electronics,1025.97
175,2208,14,4,1426,11/24/2022,5000.07,Customer_1426,Giza,customer1426@example.com,9/8/2023,Product_14,Clothing,1343.5
176,4524,97,1,211,1/24/2023,2348.59,Customer_211,Tanta,customer211@example.com,6/2/2025,Product_97,Clothing,4099.86
177,460,90,2,711,10/14/2024,8147.94,Customer_711,Giza,customer711@example.com,9/9/2023,Product_90,Electronics,4526.98
178,2498,45,2,1598,11/8/2022,8256.46,Customer_1598,Mansoura,customer1598@example.com,11/26/2023,Product_45,Electronics,1533.97
179,1920,66,4,2847,8/25/2024,3935.22,Customer_2847,Alexandria,customer2847@example.com,1/9/2024,Product_66,Electronics,1025.97
180,2635,59,5,1511,9/5/2023,8665.54,Customer_1511,Mansoura,customer1511@example.com,11/23/2023,Product_59,Books,4667.97
181,2529,90,2,668,3/25/2022,8655.17,Customer_668,Mansoura,customer668@example.com,3/22/2021,Product_90,Electronics,4526.98
182,2024,59,1,2671,11/15/2022,8847.04,Customer_2671,Alexandria,customer2671@example.com,3/31/2020,Product_59,Books,4667.97
183,2564,75,2,1299,2/3/2022,5334.74,Customer_1299,Cairo,customer1299@example.com,6/12/2023,Product_75,Electronics,1101.96
184,1160,38,5,1915,6/17/2023,1982.03,Customer_1915,Giza,customer1915@example.com,3/4/2023,Product_38,Electronics,3198
185,382,17,1,1935,9/22/2023,5543.33,Customer_1935,Giza,customer1935@example.com,8/6/2021,Product_17,Food,1236.08
186,4457,69,3,644,5/28/2021,1664.03,Customer_644,Alexandria,customer644@example.com,6/24/2022,Product_69,Books,3830.58
187,1865,25,4,1947,10/26/2024,9235.23,Customer_1947,Alexandria,customer1947@example.com,10/3/2023,Product_25,Food,1357.47
188,3592,68,2,1163,1/10/2024,8808.09,Customer_1163,Mansoura,customer1163@example.com,2/7/2020,Product_68,Books,2107.14
189,2003,35,2,223,8/18/2022,7700.26,Customer_223,Alexandria,customer223@example.com,10/21/2022,Product_35,Electronics,4514.18
190,3057,79,4,2081,6/29/2022,3279.84,Customer_2081,Tanta,customer2081@example.com,1/9/2024,Product_79,Electronics,3626.75
191,2412,35,4,1978,4/7/2022,9505.78,Customer_1978,Mansoura,customer1978@example.com,9/6/2024,Product_35,Electronics,4514.18
192,1011,88,5,2763,1/22/2021,2713.47,Customer_2763,Mansoura,customer2763@example.com,1/18/2023,Product_88,Electronics,4918.9
193,4826,33,2,476,1/5/2025,3997.73,Customer_476,Cairo,customer476@example.com,8/13/2022,Product_33,Books,3039.13
194,4799,16,3,2749,9/3/2021,6319.14,Customer_2749,Giza,customer2749@example.com,6/16/2020,Product_16,Books,2927.96
195,1737,49,5,533,6/27/2023,3470.1,Customer_533,Tanta,customer533@example.com,2/12/2023,Product_49,Electronics,2487.22
196,1106,38,5,973,5/30/2022,8448.72,Customer_973,Tanta,customer973@example.com,5/6/2024,Product_38,Electronics,3198
197,4570,6,5,2033,3/30/2021,9980.19,Customer_2033,Tanta,customer2033@example.com,4/22/2020,Product_6,Clothing,2452.37
198,735,76,1,2506,12/18/2024,3485.13,Customer_2506,Giza,customer2506@example.com,12/28/2023,Product_76,Food,3766.34
199,3652,76,4,2456,5/31/2023,6734.54,Customer_2456,Tanta,customer2456@example.com,3/27/2025,Product_76,Food,3766.34
200,2910,92,4,717,6/25/2023,5450.8,Customer_717,Tanta,customer717@example.com,10/14/2022,Product_92,Food,4734.4
201,1796,18,4,93,9/3/2023,9733.94,Customer_93,Mansoura,customer93@example.com,4/30/2023,Product_18,Electronics,1004.49
202,3538,89,3,788,9/26/2024,4206.31,Customer_788,Cairo,customer788@example.com,5/19/2025,Product_89,Electronics,3701.86
203,636,97,3,344,10/5/2022,7235.58,Customer_344,Tanta,customer344@example.com,8/10/2020,Product_97,Clothing,4099.86
204,1934,64,1,2006,9/10/2023,1959.35,Customer_2006,Cairo,customer2006@example.com,1/30/2020,Product_64,Clothing,702.02
205,4570,58,2,2033,3/30/2021,9980.19,Customer_2033,Tanta,customer2033@example.com,4/22/2020,Product_58,Clothing,362.65
206,2361,80,5,777,2/18/2023,7715.14,Customer_777,Alexandria,customer777@example.com,5/4/2021,Product_80,Books,1059.08
207,1176,27,1,483,8/30/2021,9486.04,Customer_483,Mansoura,customer483@example.com,6/6/2022,Product_27,Books,2083.82
208,1218,78,3,1224,11/28/2024,8636.68,Customer_1224,Mansoura,customer1224@example.com,11/26/2021,Product_78,Clothing,500.25
209,2088,96,5,2340,1/11/2021,8658.59,Customer_2340,Cairo,customer2340@example.com,7/6/2021,Product_96,Food,2091.27
210,2432,14,3,780,1/20/2021,9536.24,Customer_780,Alexandria,customer780@example.com,10/13/2020,Product_14,Clothing,1343.5
211,849,14,1,637,2/25/2021,5425.35,Customer_637,Cairo,customer637@example.com,1/27/2023,Product_14,Clothing,1343.5
212,395,83,4,380,3/4/2021,3644.38,Customer_380,Tanta,customer380@example.com,11/11/2023,Product_83,Electronics,4886.44
213,4605,58,3,1350,3/21/2022,6238.05,Customer_1350,Mansoura,customer1350@example.com,1/15/2023,Product_58,Clothing,362.65
214,1766,73,5,241,9/29/2024,1042.57,Customer_241,Tanta,customer241@example.com,4/3/2023,Product_73,Food,4973.65
215,147,12,1,244,10/17/2024,3341.47,Customer_244,Alexandria,customer244@example.com,5/1/2025,Product_12,Electronics,1616.26
216,3554,26,2,1245,5/20/2023,3766.78,Customer_1245,Mansoura,customer1245@example.com,5/18/2023,Product_26,Food,3971.55
217,1750,74,3,2141,5/11/2023,6497.01,Customer_2141,Alexandria,customer2141@example.com,11/12/2023,Product_74,Books,1450.23
218,1733,17,4,2556,1/17/2021,9666.29,Customer_2556,Cairo,customer2556@example.com,11/4/2022,Product_17,Food,1236.08
219,978,12,3,2587,10/11/2022,7649.94,Customer_2587,Mansoura,customer2587@example.com,1/12/2022,Product_12,Electronics,1616.26
220,4546,88,3,1665,12/17/2021,2391.37,Customer_1665,Alexandria,customer1665@example.com,12/1/2020,Product_88,Electronics,4918.9
221,699,19,3,518,12/28/2023,5725.11,Customer_518,Cairo,customer518@example.com,7/22/2022,Product_19,Clothing,4776.48
222,3566,71,3,297,5/12/2022,518.07,Customer_297,Alexandria,customer297@example.com,5/10/2021,Product_71,Food,2771.35
223,3799,6,1,721,7/15/2021,8816.22,Customer_721,Mansoura,customer721@example.com,1/1/2023,Product_6,Clothing,2452.37
224,2943,86,4,2014,11/18/2023,5034.59,Customer_2014,Cairo,customer2014@example.com,2/5/2024,Product_86,Clothing,2017.27
225,2877,22,1,1212,7/17/2021,9639,Customer_1212,Tanta,customer1212@example.com,1/15/2021,Product_22,Books,4732.78
226,419,9,3,2665,8/9/2024,7682.04,Customer_2665,Alexandria,customer2665@example.com,8/12/2023,Product_9,Food,3000.69
227,3694,43,3,2007,9/21/2022,4851.26,Customer_2007,Cairo,customer2007@example.com,3/4/2020,Product_43,Electronics,4285.71
228,2807,63,2,1439,8/23/2022,6682.5,Customer_1439,Mansoura,customer1439@example.com,3/10/2021,Product_63,Food,4448.47
229,3287,45,1,1549,9/6/2022,5806.78,Customer_1549,Cairo,customer1549@example.com,3/8/2024,Product_45,Electronics,1533.97
230,1586,10,4,943,9/8/2023,294.89,Customer_943,Alexandria,customer943@example.com,7/11/2024,Product_10,Food,4759.39
231,1873,77,3,952,8/9/2022,5598.98,Customer_952,Tanta,customer952@example.com,11/23/2021,Product_77,Food,4530.49
232,2126,48,1,1276,6/14/2023,5264.16,Customer_1276,Tanta,customer1276@example.com,5/18/2023,Product_48,Food,1377.81
233,3786,41,2,2767,3/31/2022,7703.96,Customer_2767,Cairo,customer2767@example.com,12/24/2023,Product_41,Electronics,956.49
234,3600,69,4,2322,8/29/2022,210.72,Customer_2322,Cairo,customer2322@example.com,11/10/2022,Product_69,Books,3830.58
235,3664,70,4,1790,9/13/2023,4774.43,Customer_1790,Mansoura,customer1790@example.com,1/10/2020,Product_70,Electronics,2993.19
236,2028,36,2,2705,8/1/2022,8554.05,Customer_2705,Tanta,customer2705@example.com,3/9/2025,Product_36,Books,435.47
237,377,84,1,101,1/23/2024,4699.87,Customer_101,Giza,customer101@example.com,8/4/2020,Product_84,Electronics,2027.35
238,2856,16,5,30,10/17/2023,7185.13,Customer_30,Mansoura,customer30@example.com,7/10/2022,Product_16,Books,2927.96
239,4819,2,2,1335,7/1/2023,2093.65,Customer_1335,Mansoura,customer1335@example.com,7/22/2023,Product_2,Clothing,3751.87
240,2231,94,5,2247,9/7/2024,5559.63,Customer_2247,Alexandria,customer2247@example.com,1/14/2021,Product_94,Books,2732.33
241,1366,6,4,1160,2/19/2023,2866.83,Customer_1160,Alexandria,customer1160@example.com,5/2/2025,Product_6,Clothing,2452.37
242,3975,11,1,1397,6/17/2022,5408.97,Customer_1397,Mansoura,customer1397@example.com,4/23/2023,Product_11,Books,4911.93
243,3769,66,4,2172,4/11/2022,5143.23,Customer_2172,Giza,customer2172@example.com,1/3/2023,Product_66,Electronics,1025.97
244,2888,58,4,810,4/11/2022,4078.22,Customer_810,Tanta,customer810@example.com,7/9/2022,Product_58,Clothing,362.65
245,3240,25,4,334,6/5/2023,1527.09,Customer_334,Cairo,customer334@example.com,6/11/2023,Product_25,Food,1357.47
246,2359,93,1,1901,6/4/2023,4026.12,Customer_1901,Giza,customer1901@example.com,11/28/2021,Product_93,Food,400.32
247,974,6,3,1106,11/15/2023,7538.21,Customer_1106,Alexandria,customer1106@example.com,6/26/2020,Product_6,Clothing,2452.37
248,369,67,1,1098,3/8/2021,7710.92,Customer_1098,Giza,customer1098@example.com,6/19/2024,Product_67,Books,572.57
249,4193,37,3,910,6/14/2021,8368.37,Customer_910,Mansoura,customer910@example.com,2/9/2025,Product_37,Clothing,3357.82
250,800,88,5,53,1/1/2021,1332.13,Customer_53,Tanta,customer53@example.com,7/26/2021,Product_88,Electronics,4918.9
251,1115,7,5,2439,7/3/2024,3507.84,Customer_2439,Tanta,customer2439@example.com,3/13/2020,Product_7,Food,592
252,2271,95,2,2760,8/29/2024,6094.68,Customer_2760,Alexandria,customer2760@example.com,5/7/2023,Product_95,Clothing,329.17
253,2766,32,5,451,11/9/2021,8532.78,Customer_451,Alexandria,customer451@example.com,6/8/2022,Product_32,Clothing,612.61
254,4989,86,2,2227,5/23/2023,7794.52,Customer_2227,Mansoura,customer2227@example.com,7/21/2020,Product_86,Clothing,2017.27
255,3021,20,3,93,3/18/2024,7095.32,Customer_93,Mansoura,customer93@example.com,4/30/2023,Product_20,Books,3971.54
256,4048,22,3,295,12/13/2022,1096.47,Customer_295,Alexandria,customer295@example.com,4/3/2023,Product_22,Books,4732.78
257,71,34,2,1077,5/23/2021,1162.9,Customer_1077,Mansoura,customer1077@example.com,7/22/2023,Product_34,Clothing,4372.79
258,376,38,1,849,7/18/2024,1152.11,Customer_849,Alexandria,customer849@example.com,6/7/2024,Product_38,Electronics,3198
259,763,23,2,423,9/25/2023,787.39,Customer_423,Cairo,customer423@example.com,3/16/2021,Product_23,Food,3477.2
260,1474,20,1,1165,7/9/2022,6266.08,Customer_1165,Tanta,customer1165@example.com,2/15/2025,Product_20,Books,3971.54
261,3167,93,3,1610,11/26/2021,2127.02,Customer_1610,Alexandria,customer1610@example.com,3/26/2024,Product_93,Food,400.32
262,1552,23,4,1795,11/22/2024,4322.23,Customer_1795,Alexandria,customer1795@example.com,8/10/2022,Product_23,Food,3477.2
263,1643,89,2,391,7/12/2024,9217.44,Customer_391,Giza,customer391@example.com,5/11/2020,Product_89,Electronics,3701.86
264,1571,43,3,474,8/26/2022,6318.08,Customer_474,Cairo,customer474@example.com,7/18/2020,Product_43,Electronics,4285.71
265,3185,70,3,2753,7/14/2021,7633.63,Customer_2753,Mansoura,customer2753@example.com,3/21/2020,Product_70,Electronics,2993.19
266,3610,68,3,1511,8/31/2024,3342.94,Customer_1511,Mansoura,customer1511@example.com,11/23/2023,Product_68,Books,2107.14
267,706,90,1,439,8/5/2023,1156.86,Customer_439,Mansoura,customer439@example.com,4/19/2025,Product_90,Electronics,4526.98
268,1449,73,4,2684,2/9/2021,2095.15,Customer_2684,Alexandria,customer2684@example.com,5/27/2023,Product_73,Food,4973.65
269,313,55,3,511,1/2/2025,2876.43,Customer_511,Cairo,customer511@example.com,10/17/2023,Product_55,Food,1039.6
270,2228,80,2,628,8/30/2021,4830.67,Customer_628,Cairo,customer628@example.com,3/10/2020,Product_80,Books,1059.08
271,1786,64,2,1140,10/7/2023,1344.38,Customer_1140,Tanta,customer1140@example.com,6/12/2023,Product_64,Clothing,702.02
272,1548,23,4,1178,9/16/2024,4537.84,Customer_1178,Alexandria,customer1178@example.com,12/23/2021,Product_23,Food,3477.2
273,2229,55,3,1606,1/28/2023,9403.4,Customer_1606,Tanta,customer1606@example.com,11/12/2021,Product_55,Food,1039.6
274,691,24,4,1777,3/20/2024,3952.4,Customer_1777,Mansoura,customer1777@example.com,2/8/2024,Product_24,Books,143.69
275,245,52,5,1337,10/26/2022,5399.73,Customer_1337,Cairo,customer1337@example.com,5/28/2023,Product_52,Electronics,3840.32
276,454,14,4,1609,5/8/2023,2358.16,Customer_1609,Giza,customer1609@example.com,5/17/2023,Product_14,Clothing,1343.5
277,2059,85,2,1388,11/11/2023,8544.64,Customer_1388,Giza,customer1388@example.com,6/8/2023,Product_85,Clothing,1711.88
278,2109,46,2,1195,12/6/2024,9257.21,Customer_1195,Alexandria,customer1195@example.com,8/29/2022,Product_46,Books,4701.18
279,492,94,1,1237,3/31/2022,153.83,Customer_1237,Tanta,customer1237@example.com,12/12/2021,Product_94,Books,2732.33
280,4661,6,3,2039,7/17/2023,5269.38,Customer_2039,Giza,customer2039@example.com,10/9/2023,Product_6,Clothing,2452.37
281,4100,17,4,241,2/13/2021,8992.43,Customer_241,Tanta,customer241@example.com,4/3/2023,Product_17,Food,1236.08
282,839,51,4,1485,5/26/2021,2009.15,Customer_1485,Tanta,customer1485@example.com,5/27/2023,Product_51,Clothing,743.17
283,887,21,5,2223,9/19/2023,7580.56,Customer_2223,Alexandria,customer2223@example.com,6/1/2020,Product_21,Electronics,96.34
284,708,59,5,2019,3/16/2023,4213.43,Customer_2019,Tanta,customer2019@example.com,6/20/2022,Product_59,Books,4667.97
285,3879,58,3,2847,5/1/2023,2177.65,Customer_2847,Alexandria,customer2847@example.com,1/9/2024,Product_58,Clothing,362.65
286,3849,61,4,2065,9/7/2022,6204.38,Customer_2065,Giza,customer2065@example.com,7/23/2021,Product_61,Clothing,4887.51
287,2477,13,2,976,1/21/2025,7347.04,Customer_976,Alexandria,customer976@example.com,4/3/2023,Product_13,Books,4763.21
288,2103,32,5,1153,5/2/2024,7380.01,Customer_1153,Giza,customer1153@example.com,8/27/2022,Product_32,Clothing,612.61
289,2074,29,4,567,12/9/2023,5282.96,Customer_567,Mansoura,customer567@example.com,8/18/2022,Product_29,Electronics,4798.18
290,1109,52,1,839,11/17/2024,4377.77,Customer_839,Tanta,customer839@example.com,3/15/2023,Product_52,Electronics,3840.32
291,3920,14,2,37,2/11/2024,3688.97,Customer_37,Tanta,customer37@example.com,10/4/2024,Product_14,Clothing,1343.5
292,4313,51,3,132,3/22/2021,8031.27,Customer_132,Tanta,customer132@example.com,9/2/2022,Product_51,Clothing,743.17
293,1222,1,4,1371,8/13/2024,7181.14,Customer_1371,Alexandria,customer1371@example.com,4/1/2024,Product_1,Electronics,213.03
294,4980,17,4,1948,6/16/2023,7450.46,Customer_1948,Giza,customer1948@example.com,10/4/2021,Product_17,Food,1236.08
295,521,47,5,1148,5/7/2021,4232.97,Customer_1148,Alexandria,customer1148@example.com,7/31/2024,Product_47,Electronics,3315.91
296,4533,64,4,963,7/17/2021,8335.8,Customer_963,Giza,customer963@example.com,1/11/2023,Product_64,Clothing,702.02
297,3349,77,1,2290,6/17/2022,6313.8,Customer_2290,Giza,customer2290@example.com,4/15/2025,Product_77,Food,4530.49
298,562,93,1,687,4/4/2022,8470.12,Customer_687,Alexandria,customer687@example.com,3/24/2024,Product_93,Food,400.32
299,4941,80,3,832,11/29/2023,6120.3,Customer_832,Giza,customer832@example.com,7/24/2020,Product_80,Books,1059.08
300,1898,14,3,363,1/5/2022,6942.22,Customer_363,Cairo,customer363@example.com,2/17/2025,Product_14,Clothing,1343.5
301,2138,15,1,1498,1/16/2025,2611.08,Customer_1498,Tanta,customer1498@example.com,3/14/2022,Product_15,Food,4986.15
302,1286,86,4,2858,4/30/2021,1588.07,Customer_2858,Mansoura,customer2858@example.com,11/27/2022,Product_86,Clothing,2017.27
303,3485,96,4,763,12/15/2023,1697.52,Customer_763,Alexandria,customer763@example.com,11/21/2023,Product_96,Food,2091.27
304,3866,23,5,1078,10/24/2023,1804.38,Customer_1078,Cairo,customer1078@example.com,5/13/2020,Product_23,Food,3477.2
305,1434,45,5,2306,12/14/2022,4125.08,Customer_2306,Cairo,customer2306@example.com,1/18/2021,Product_45,Electronics,1533.97
306,2887,5,2,319,5/3/2021,4785.14,Customer_319,Cairo,customer319@example.com,6/4/2020,Product_5,Electronics,3605.83
307,4202,12,5,2667,7/13/2023,970.34,Customer_2667,Cairo,customer2667@example.com,12/16/2021,Product_12,Electronics,1616.26
308,1958,18,3,1563,10/18/2023,3575.38,Customer_1563,Alexandria,customer1563@example.com,5/15/2021,Product_18,Electronics,1004.49
309,2572,60,1,2990,11/6/2023,8353.04,Customer_2990,Mansoura,customer2990@example.com,3/8/2023,Product_60,Books,3144.78
310,3286,65,5,1623,5/10/2021,4131.65,Customer_1623,Cairo,customer1623@example.com,10/19/2021,Product_65,Clothing,3948.51
311,2780,89,3,2167,3/31/2023,6894.32,Customer_2167,Mansoura,customer2167@example.com,5/31/2023,Product_89,Electronics,3701.86
312,3669,75,3,1809,2/10/2023,6582.74,Customer_1809,Tanta,customer1809@example.com,3/11/2022,Product_75,Electronics,1101.96
313,3890,81,2,379,5/31/2024,8895.52,Customer_379,Giza,customer379@example.com,1/28/2025,Product_81,Electronics,1778.51
314,4095,67,2,429,11/1/2022,2068.1,Customer_429,Alexandria,customer429@example.com,7/20/2023,Product_67,Books,572.57
315,202,35,2,891,9/29/2021,7477.97,Customer_891,Cairo,customer891@example.com,1/28/2025,Product_35,Electronics,4514.18
316,2839,52,5,2815,1/29/2024,2420.64,Customer_2815,Alexandria,customer2815@example.com,3/24/2024,Product_52,Electronics,3840.32
317,3694,38,4,2007,9/21/2022,4851.26,Customer_2007,Cairo,customer2007@example.com,3/4/2020,Product_38,Electronics,3198
318,962,94,3,2099,9/22/2022,7831.68,Customer_2099,Alexandria,customer2099@example.com,6/22/2024,Product_94,Books,2732.33
319,2204,2,4,1501,3/8/2021,4080.58,Customer_1501,Mansoura,customer1501@example.com,8/17/2021,Product_2,Clothing,3751.87
320,4881,39,5,1137,3/27/2024,5800.54,Customer_1137,Mansoura,customer1137@example.com,2/12/2025,Product_39,Clothing,3859.21
321,1471,99,5,489,8/8/2021,3494.42,Customer_489,Mansoura,customer489@example.com,3/25/2023,Product_99,Food,1026.63
322,3004,40,5,2384,6/16/2021,8199.77,Customer_2384,Mansoura,customer2384@example.com,3/1/2025,Product_40,Electronics,2551.49
323,4833,5,3,122,7/26/2022,2640.87,Customer_122,Giza,customer122@example.com,11/14/2024,Product_5,Electronics,3605.83
324,4145,38,5,2214,5/25/2021,1452.73,Customer_2214,Alexandria,customer2214@example.com,6/27/2021,Product_38,Electronics,3198
325,3206,22,2,2764,8/21/2023,7830.2,Customer_2764,Giza,customer2764@example.com,9/7/2020,Product_22,Books,4732.78
326,753,65,3,303,1/31/2024,3512.2,Customer_303,Alexandria,customer303@example.com,12/9/2020,Product_65,Clothing,3948.51
327,1078,39,4,1537,7/13/2021,2343.04,Customer_1537,Giza,customer1537@example.com,6/3/2021,Product_39,Clothing,3859.21
328,1055,80,5,2779,1/12/2024,327.37,Customer_2779,Cairo,customer2779@example.com,9/3/2020,Product_80,Books,1059.08
329,728,92,4,135,3/27/2023,4344.56,Customer_135,Alexandria,customer135@example.com,5/25/2021,Product_92,Food,4734.4
330,2890,96,4,2344,7/20/2021,4959.6,Customer_2344,Giza,customer2344@example.com,6/3/2020,Product_96,Food,2091.27
331,64,83,5,2789,12/27/2021,5998.35,Customer_2789,Mansoura,customer2789@example.com,4/23/2022,Product_83,Electronics,4886.44
332,2364,61,3,1712,12/14/2023,2131.43,Customer_1712,Alexandria,customer1712@example.com,7/25/2023,Product_61,Clothing,4887.51
333,2014,72,1,287,8/7/2021,8224.13,Customer_287,Tanta,customer287@example.com,4/29/2020,Product_72,Books,3410.88
334,2223,19,3,2798,7/4/2021,237.22,Customer_2798,Cairo,customer2798@example.com,4/21/2022,Product_19,Clothing,4776.48
335,4436,26,3,1359,7/19/2022,5474.15,Customer_1359,Tanta,customer1359@example.com,3/30/2021,Product_26,Food,3971.55
336,2711,52,5,658,2/8/2021,6818.29,Customer_658,Giza,customer658@example.com,5/7/2022,Product_52,Electronics,3840.32
337,1455,24,3,2850,4/8/2024,1286.32,Customer_2850,Mansoura,customer2850@example.com,8/23/2024,Product_24,Books,143.69
338,1020,31,2,1663,4/18/2024,6564.51,Customer_1663,Giza,customer1663@example.com,9/10/2020,Product_31,Clothing,803.97
339,3826,46,5,2165,6/21/2023,7852.66,Customer_2165,Giza,customer2165@example.com,7/4/2021,Product_46,Books,4701.18
340,4790,14,4,2900,11/9/2021,6984.81,Customer_2900,Cairo,customer2900@example.com,4/1/2022,Product_14,Clothing,1343.5
341,2592,68,2,2383,9/27/2024,8816.62,Customer_2383,Alexandria,customer2383@example.com,10/21/2020,Product_68,Books,2107.14
342,1840,9,3,2721,3/3/2022,5092.28,Customer_2721,Alexandria,customer2721@example.com,2/2/2025,Product_9,Food,3000.69
343,1886,91,2,2844,9/1/2023,3271.82,Customer_2844,Mansoura,customer2844@example.com,6/2/2022,Product_91,Food,1957.69
344,1182,61,2,764,6/27/2021,7241.68,Customer_764,Mansoura,customer764@example.com,8/12/2023,Product_61,Clothing,4887.51
345,2468,31,2,2186,3/22/2024,1268.75,Customer_2186,Cairo,customer2186@example.com,7/14/2021,Product_31,Clothing,803.97
346,4392,52,1,1647,6/14/2021,1838.81,Customer_1647,Mansoura,customer1647@example.com,6/5/2021,Product_52,Electronics,3840.32
347,39,8,3,56,4/8/2022,5973.06,Customer_56,Mansoura,customer56@example.com,10/8/2022,Product_8,Clothing,1366.58
348,219,76,2,1371,2/28/2023,5452.58,Customer_1371,Alexandria,customer1371@example.com,4/1/2024,Product_76,Food,3766.34
349,4357,35,4,2186,10/3/2022,3772.96,Customer_2186,Cairo,customer2186@example.com,7/14/2021,Product_35,Electronics,4514.18
350,915,64,3,2836,2/2/2022,8419.32,Customer_2836,Alexandria,customer2836@example.com,8/18/2023,Product_64,Clothing,702.02
351,3984,21,4,1788,2/3/2023,6681.29,Customer_1788,Alexandria,customer1788@example.com,11/4/2023,Product_21,Electronics,96.34
352,4171,65,5,1542,2/11/2021,3626.51,Customer_1542,Cairo,customer1542@example.com,9/8/2020,Product_65,Clothing,3948.51
353,3820,43,4,2106,5/13/2024,6470.5,Customer_2106,Mansoura,customer2106@example.com,1/3/2022,Product_43,Electronics,4285.71
354,3321,2,1,2362,11/21/2023,3637.7,Customer_2362,Cairo,customer2362@example.com,8/29/2023,Product_2,Clothing,3751.87
355,3946,33,4,1334,5/12/2024,4907.43,Customer_1334,Mansoura,customer1334@example.com,3/19/2024,Product_33,Books,3039.13
356,1798,96,3,126,7/26/2023,2937.86,Customer_126,Mansoura,customer126@example.com,1/9/2023,Product_96,Food,2091.27
357,2738,28,5,872,4/13/2022,9563.1,Customer_872,Giza,customer872@example.com,9/9/2021,Product_28,Clothing,3000.39
358,1953,81,1,832,1/24/2025,4223.99,Customer_832,Giza,customer832@example.com,7/24/2020,Product_81,Electronics,1778.51
359,3621,5,1,1027,3/31/2021,8420.52,Customer_1027,Tanta,customer1027@example.com,12/23/2024,Product_5,Electronics,3605.83
360,1018,50,5,1335,1/24/2025,9312.28,Customer_1335,Mansoura,customer1335@example.com,7/22/2023,Product_50,Food,3820.03
361,4231,25,1,2528,4/21/2023,5377.18,Customer_2528,Giza,customer2528@example.com,4/10/2025,Product_25,Food,1357.47
362,4081,50,4,2908,10/18/2021,8613.11,Customer_2908,Cairo,customer2908@example.com,6/12/2021,Product_50,Food,3820.03
363,1622,21,4,1710,3/31/2024,5402.14,Customer_1710,Giza,customer1710@example.com,11/25/2022,Product_21,Electronics,96.34
364,729,2,1,1449,9/27/2022,7453.63,Customer_1449,Tanta,customer1449@example.com,1/6/2023,Product_2,Clothing,3751.87
365,3283,3,4,648,9/11/2023,4650.55,Customer_648,Mansoura,customer648@example.com,1/29/2022,Product_3,Food,1172.91
366,4542,30,5,1098,4/9/2022,5348.97,Customer_1098,Giza,customer1098@example.com,6/19/2024,Product_30,Food,1100.71
367,2663,39,1,1042,7/5/2024,6796.01,Customer_1042,Giza,customer1042@example.com,2/7/2024,Product_39,Clothing,3859.21
368,2271,48,3,2760,8/29/2024,6094.68,Customer_2760,Alexandria,customer2760@example.com,5/7/2023,Product_48,Food,1377.81
369,3935,53,5,71,11/3/2023,5638.84,Customer_71,Cairo,customer71@example.com,8/22/2024,Product_53,Food,3135.69
370,1357,26,5,223,3/26/2024,8957.45,Customer_223,Alexandria,customer223@example.com,10/21/2022,Product_26,Food,3971.55
371,145,15,3,1645,2/1/2021,3893.76,Customer_1645,Giza,customer1645@example.com,7/24/2024,Product_15,Food,4986.15
372,2737,84,3,1605,6/18/2021,3119.03,Customer_1605,Giza,customer1605@example.com,7/24/2023,Product_84,Electronics,2027.35
373,3379,6,3,2515,10/29/2024,3994.54,Customer_2515,Alexandria,customer2515@example.com,9/28/2024,Product_6,Clothing,2452.37
374,1985,83,4,928,10/14/2021,7897.64,Customer_928,Mansoura,customer928@example.com,8/24/2022,Product_83,Electronics,4886.44
375,4069,1,1,599,4/24/2022,2192.54,Customer_599,Tanta,customer599@example.com,3/17/2022,Product_1,Electronics,213.03
376,3223,18,4,696,11/10/2022,8420.39,Customer_696,Cairo,customer696@example.com,10/6/2023,Product_18,Electronics,1004.49
377,1518,64,5,1748,9/27/2024,9251.55,Customer_1748,Giza,customer1748@example.com,10/31/2022,Product_64,Clothing,702.02
378,3792,63,4,484,5/26/2024,201.31,Customer_484,Giza,customer484@example.com,2/24/2023,Product_63,Food,4448.47
379,856,9,2,2387,8/7/2023,4943.34,Customer_2387,Mansoura,customer2387@example.com,8/26/2022,Product_9,Food,3000.69
380,2656,56,1,1002,8/29/2021,307.98,Customer_1002,Giza,customer1002@example.com,9/29/2021,Product_56,Clothing,3991.47
381,3041,35,5,2881,1/27/2022,4792.68,Customer_2881,Mansoura,customer2881@example.com,3/10/2021,Product_35,Electronics,4514.18
382,322,75,1,2011,2/26/2021,5361.59,Customer_2011,Alexandria,customer2011@example.com,7/23/2024,Product_75,Electronics,1101.96
383,12,66,5,1169,3/28/2022,6883.84,Customer_1169,Cairo,customer1169@example.com,9/10/2023,Product_66,Electronics,1025.97
384,2249,50,2,183,11/10/2023,592.76,Customer_183,Mansoura,customer183@example.com,12/24/2024,Product_50,Food,3820.03
385,3251,55,5,898,5/13/2021,6493.9,Customer_898,Mansoura,customer898@example.com,2/3/2024,Product_55,Food,1039.6
386,508,49,4,2401,9/23/2021,348.4,Customer_2401,Giza,customer2401@example.com,10/23/2023,Product_49,Electronics,2487.22
387,4391,2,1,642,4/10/2023,2967.25,Customer_642,Giza,customer642@example.com,12/8/2021,Product_2,Clothing,3751.87
388,2089,50,3,2811,11/23/2023,1568.3,Customer_2811,Cairo,customer2811@example.com,2/1/2025,Product_50,Food,3820.03
389,1024,85,2,1512,7/17/2021,1409.8,Customer_1512,Alexandria,customer1512@example.com,10/20/2021,Product_85,Clothing,1711.88
390,3129,73,2,1545,2/12/2024,2651.93,Customer_1545,Giza,customer1545@example.com,2/22/2022,Product_73,Food,4973.65
391,115,91,5,7,10/24/2022,8637.63,Customer_7,Alexandria,customer7@example.com,4/6/2020,Product_91,Food,1957.69
392,2831,60,5,2780,3/9/2021,3848.29,Customer_2780,Tanta,customer2780@example.com,4/12/2025,Product_60,Books,3144.78
393,4797,15,4,1569,2/10/2022,5736.79,Customer_1569,Alexandria,customer1569@example.com,7/22/2021,Product_15,Food,4986.15
394,3145,27,1,646,1/29/2025,2436.51,Customer_646,Tanta,customer646@example.com,1/25/2020,Product_27,Books,2083.82
395,3173,32,1,1414,10/3/2024,7549.74,Customer_1414,Alexandria,customer1414@example.com,12/28/2022,Product_32,Clothing,612.61
396,4433,45,4,2654,8/30/2023,6931.14,Customer_2654,Alexandria,customer2654@example.com,1/30/2025,Product_45,Electronics,1533.97
397,4866,74,3,2540,12/21/2024,8757.93,Customer_2540,Alexandria,customer2540@example.com,3/28/2022,Product_74,Books,1450.23
398,1797,30,2,1562,4/27/2021,1376.23,Customer_1562,Tanta,customer1562@example.com,4/7/2022,Product_30,Food,1100.71
399,3452,90,3,268,5/22/2023,4852.72,Customer_268,Mansoura,customer268@example.com,8/13/2024,Product_90,Electronics,4526.98
400,576,21,2,2435,1/9/2024,4261.68,Customer_2435,Giza,customer2435@example.com,9/5/2023,Product_21,Electronics,96.34
401,650,87,2,1458,10/25/2024,6516.11,Customer_1458,Cairo,customer1458@example.com,7/9/2022,Product_87,Food,3831.9
402,283,15,4,1509,6/4/2022,555.33,Customer_1509,Giza,customer1509@example.com,12/18/2022,Product_15,Food,4986.15
403,919,96,4,2612,7/23/2021,355.86,Customer_2612,Cairo,customer2612@example.com,1/24/2022,Product_96,Food,2091.27
404,2313,13,5,2003,1/27/2025,4168.58,Customer_2003,Tanta,customer2003@example.com,11/21/2024,Product_13,Books,4763.21
405,1103,23,4,2101,11/4/2021,6280.85,Customer_2101,Mansoura,customer2101@example.com,8/21/2020,Product_23,Food,3477.2
406,96,2,5,148,4/26/2021,4383.79,Customer_148,Tanta,customer148@example.com,2/22/2024,Product_2,Clothing,3751.87
407,963,38,4,1913,9/26/2021,9942.56,Customer_1913,Giza,customer1913@example.com,2/11/2022,Product_38,Electronics,3198
408,1314,86,1,1303,1/23/2025,4552.35,Customer_1303,Giza,customer1303@example.com,9/6/2024,Product_86,Clothing,2017.27
409,2069,32,4,698,7/22/2021,9723.49,Customer_698,Giza,customer698@example.com,6/10/2020,Product_32,Clothing,612.61
410,1477,1,4,2447,9/21/2024,3306.16,Customer_2447,Alexandria,customer2447@example.com,2/7/2024,Product_1,Electronics,213.03
411,3530,76,3,706,9/2/2024,8034.04,Customer_706,Cairo,customer706@example.com,2/17/2024,Product_76,Food,3766.34
412,1792,64,4,300,12/15/2023,4890.58,Customer_300,Cairo,customer300@example.com,1/27/2025,Product_64,Clothing,702.02
413,1898,69,3,363,1/5/2022,6942.22,Customer_363,Cairo,customer363@example.com,2/17/2025,Product_69,Books,3830.58
414,2056,99,5,1899,8/18/2021,434.58,Customer_1899,Mansoura,customer1899@example.com,7/21/2022,Product_99,Food,1026.63
415,881,92,2,2992,12/3/2024,9213.32,Customer_2992,Tanta,customer2992@example.com,9/17/2020,Product_92,Food,4734.4
416,1126,13,4,290,4/5/2021,1501.48,Customer_290,Cairo,customer290@example.com,4/28/2022,Product_13,Books,4763.21
417,1412,63,4,2756,9/5/2023,2810.62,Customer_2756,Cairo,customer2756@example.com,5/2/2023,Product_63,Food,4448.47
418,75,8,2,740,1/31/2021,2089.13,Customer_740,Tanta,customer740@example.com,1/13/2024,Product_8,Clothing,1366.58
419,4953,58,4,447,2/24/2022,1964.48,Customer_447,Tanta,customer447@example.com,6/13/2024,Product_58,Clothing,362.65
420,2823,34,1,2585,9/14/2021,8352.17,Customer_2585,Cairo,customer2585@example.com,12/11/2022,Product_34,Clothing,4372.79
421,668,25,1,1780,7/6/2022,3640.43,Customer_1780,Cairo,customer1780@example.com,12/19/2023,Product_25,Food,1357.47
422,2663,64,3,1042,7/5/2024,6796.01,Customer_1042,Giza,customer1042@example.com,2/7/2024,Product_64,Clothing,702.02
423,4370,71,2,1705,6/29/2021,5009.98,Customer_1705,Mansoura,customer1705@example.com,6/8/2024,Product_71,Food,2771.35
424,4346,98,3,2020,11/3/2023,6756.97,Customer_2020,Alexandria,customer2020@example.com,5/18/2024,Product_98,Clothing,76.04
425,2825,98,1,1467,8/23/2022,949.88,Customer_1467,Tanta,customer1467@example.com,9/27/2021,Product_98,Clothing,76.04
426,1260,14,4,1478,10/6/2021,4819.45,Customer_1478,Giza,customer1478@example.com,6/9/2022,Product_14,Clothing,1343.5
427,3443,25,1,1161,6/23/2021,420.6,Customer_1161,Cairo,customer1161@example.com,5/22/2025,Product_25,Food,1357.47
428,264,78,3,1741,9/17/2023,2265.31,Customer_1741,Alexandria,customer1741@example.com,12/9/2022,Product_78,Clothing,500.25
429,1427,2,1,1399,1/14/2021,8157.06,Customer_1399,Tanta,customer1399@example.com,7/2/2020,Product_2,Clothing,3751.87
430,908,24,3,2783,6/30/2022,9634.38,Customer_2783,Mansoura,customer2783@example.com,6/19/2022,Product_24,Books,143.69
431,4200,51,2,2454,7/4/2023,1264.54,Customer_2454,Cairo,customer2454@example.com,11/21/2023,Product_51,Clothing,743.17
432,1268,72,1,519,5/9/2024,1777.62,Customer_519,Tanta,customer519@example.com,2/4/2025,Product_72,Books,3410.88
433,2179,30,1,2427,8/7/2023,3382.48,Customer_2427,Mansoura,customer2427@example.com,11/3/2020,Product_30,Food,1100.71
434,2370,57,5,1616,8/12/2023,1093.03,Customer_1616,Tanta,customer1616@example.com,1/15/2023,Product_57,Books,2330.41
435,4190,98,2,1457,1/31/2021,3051.8,Customer_1457,Giza,customer1457@example.com,11/19/2020,Product_98,Clothing,76.04
436,4121,47,5,635,3/29/2021,4219.68,Customer_635,Tanta,customer635@example.com,2/5/2025,Product_47,Electronics,3315.91
437,723,57,1,2949,1/24/2022,5330.61,Customer_2949,Mansoura,customer2949@example.com,8/16/2022,Product_57,Books,2330.41
438,2587,69,4,2769,8/12/2024,8582.25,Customer_2769,Cairo,customer2769@example.com,12/21/2023,Product_69,Books,3830.58
439,3659,52,5,1835,1/11/2023,7429.08,Customer_1835,Mansoura,customer1835@example.com,6/26/2021,Product_52,Electronics,3840.32
440,3727,39,2,1731,11/14/2023,9529.75,Customer_1731,Cairo,customer1731@example.com,10/31/2023,Product_39,Clothing,3859.21
441,2168,76,2,2137,7/8/2024,3012.14,Customer_2137,Cairo,customer2137@example.com,8/9/2022,Product_76,Food,3766.34
442,2337,54,5,1866,10/25/2021,5788.63,Customer_1866,Giza,customer1866@example.com,8/26/2020,Product_54,Clothing,1537.55
443,2797,1,4,1338,7/8/2022,8073,Customer_1338,Cairo,customer1338@example.com,1/13/2023,Product_1,Electronics,213.03
444,1761,83,5,1365,9/12/2022,9953.52,Customer_1365,Tanta,customer1365@example.com,4/15/2023,Product_83,Electronics,4886.44
445,345,8,4,1632,9/19/2021,6168.12,Customer_1632,Alexandria,customer1632@example.com,8/14/2023,Product_8,Clothing,1366.58
446,2440,22,4,1458,9/12/2023,2456.45,Customer_1458,Cairo,customer1458@example.com,7/9/2022,Product_22,Books,4732.78
447,2779,91,1,886,5/23/2022,7138.35,Customer_886,Giza,customer886@example.com,2/13/2024,Product_91,Food,1957.69
448,3410,91,5,2462,7/25/2023,5675.57,Customer_2462,Tanta,customer2462@example.com,2/6/2024,Product_91,Food,1957.69
449,4270,32,2,213,6/28/2024,9729.39,Customer_213,Mansoura,customer213@example.com,2/3/2021,Product_32,Clothing,612.61
450,4421,48,3,2735,9/1/2021,5919.32,Customer_2735,Alexandria,customer2735@example.com,3/22/2021,Product_48,Food,1377.81
451,515,72,3,679,2/13/2024,5532.54,Customer_679,Alexandria,customer679@example.com,3/2/2021,Product_72,Books,3410.88
452,3861,45,5,1420,6/8/2022,401.91,Customer_1420,Giza,customer1420@example.com,5/22/2020,Product_45,Electronics,1533.97
453,2202,76,4,645,7/20/2024,9013.23,Customer_645,Alexandria,customer645@example.com,8/23/2023,Product_76,Food,3766.34
454,3011,91,4,2480,1/31/2023,4510.51,Customer_2480,Tanta,customer2480@example.com,7/5/2020,Product_91,Food,1957.69
455,2131,91,5,2349,10/20/2021,2285.35,Customer_2349,Tanta,customer2349@example.com,3/9/2024,Product_91,Food,1957.69
456,3001,72,4,1407,9/9/2022,5231.59,Customer_1407,Tanta,customer1407@example.com,10/5/2020,Product_72,Books,3410.88
457,3446,60,2,2780,9/25/2024,9345.14,Customer_2780,Tanta,customer2780@example.com,4/12/2025,Product_60,Books,3144.78
458,3936,29,1,2214,3/10/2024,5160.16,Customer_2214,Alexandria,customer2214@example.com,6/27/2021,Product_29,Electronics,4798.18
459,649,63,5,2785,9/18/2023,8063.21,Customer_2785,Mansoura,customer2785@example.com,6/11/2022,Product_63,Food,4448.47
460,3794,29,5,2341,12/26/2023,473.47,Customer_2341,Alexandria,customer2341@example.com,11/12/2021,Product_29,Electronics,4798.18
461,3076,19,3,1369,12/22/2023,2805.6,Customer_1369,Cairo,customer1369@example.com,6/5/2022,Product_19,Clothing,4776.48
462,622,61,5,2292,11/11/2021,661.86,Customer_2292,Giza,customer2292@example.com,3/19/2025,Product_61,Clothing,4887.51
463,3898,36,1,150,2/16/2023,799.95,Customer_150,Giza,customer150@example.com,9/9/2022,Product_36,Books,435.47
464,3716,94,3,208,10/27/2023,2326.25,Customer_208,Cairo,customer208@example.com,7/5/2020,Product_94,Books,2732.33
465,4739,92,2,861,4/28/2022,7949.09,Customer_861,Cairo,customer861@example.com,4/23/2024,Product_92,Food,4734.4
466,4421,80,5,2735,9/1/2021,5919.32,Customer_2735,Alexandria,customer2735@example.com,3/22/2021,Product_80,Books,1059.08
467,2709,54,5,1837,5/16/2023,1225.48,Customer_1837,Cairo,customer1837@example.com,4/2/2020,Product_54,Clothing,1537.55
468,3595,61,5,433,11/15/2023,4722.57,Customer_433,Tanta,customer433@example.com,2/14/2021,Product_61,Clothing,4887.51
469,2003,75,4,223,8/18/2022,7700.26,Customer_223,Alexandria,customer223@example.com,10/21/2022,Product_75,Electronics,1101.96
470,2223,52,2,2798,7/4/2021,237.22,Customer_2798,Cairo,customer2798@example.com,4/21/2022,Product_52,Electronics,3840.32
471,1963,17,2,264,6/10/2024,9843.76,Customer_264,Tanta,customer264@example.com,10/30/2024,Product_17,Food,1236.08
472,2980,44,1,650,6/22/2023,5490.69,Customer_650,Cairo,customer650@example.com,12/5/2024,Product_44,Books,1374.68
473,3278,64,5,2774,4/15/2022,6512.09,Customer_2774,Mansoura,customer2774@example.com,3/21/2025,Product_64,Clothing,702.02
474,1017,7,5,791,8/14/2021,574.12,Customer_791,Tanta,customer791@example.com,3/21/2020,Product_7,Food,592
475,3689,24,4,179,2/4/2021,9111.1,Customer_179,Mansoura,customer179@example.com,3/10/2021,Product_24,Books,143.69
476,2315,70,2,1802,3/8/2024,5253.5,Customer_1802,Tanta,customer1802@example.com,8/22/2024,Product_70,Electronics,2993.19
477,2961,62,5,648,8/25/2021,7480.14,Customer_648,Mansoura,customer648@example.com,1/29/2022,Product_62,Books,3842.23
478,2354,76,1,525,3/25/2021,1249.92,Customer_525,Tanta,customer525@example.com,11/1/2020,Product_76,Food,3766.34
479,1955,19,3,103,4/30/2024,6883,Customer_103,Giza,customer103@example.com,5/19/2023,Product_19,Clothing,4776.48
480,2101,2,3,1909,3/31/2022,3460.5,Customer_1909,Giza,customer1909@example.com,2/7/2025,Product_2,Clothing,3751.87
481,3633,6,3,2519,6/26/2022,487.77,Customer_2519,Cairo,customer2519@example.com,3/28/2020,Product_6,Clothing,2452.37
482,215,35,5,1192,1/12/2024,6804.84,Customer_1192,Cairo,customer1192@example.com,2/22/2025,Product_35,Electronics,4514.18
483,1203,39,4,851,4/4/2023,9105.37,Customer_851,Cairo,customer851@example.com,5/20/2022,Product_39,Clothing,3859.21
484,1606,43,3,2986,2/24/2024,6777.48,Customer_2986,Mansoura,customer2986@example.com,11/4/2022,Product_43,Electronics,4285.71
485,2533,33,1,2498,2/16/2024,3574.45,Customer_2498,Mansoura,customer2498@example.com,5/30/2022,Product_33,Books,3039.13
486,1419,35,3,859,9/4/2024,6019.31,Customer_859,Mansoura,customer859@example.com,1/1/2025,Product_35,Electronics,4514.18
487,4295,72,5,223,2/5/2022,6065.89,Customer_223,Alexandria,customer223@example.com,10/21/2022,Product_72,Books,3410.88
488,949,54,4,182,9/22/2022,6905.91,Customer_182,Giza,customer182@example.com,1/23/2025,Product_54,Clothing,1537.55
489,562,14,5,687,4/4/2022,8470.12,Customer_687,Alexandria,customer687@example.com,3/24/2024,Product_14,Clothing,1343.5
490,979,15,5,2114,5/25/2024,202.43,Customer_2114,Cairo,customer2114@example.com,6/30/2024,Product_15,Food,4986.15
491,4145,86,3,2214,5/25/2021,1452.73,Customer_2214,Alexandria,customer2214@example.com,6/27/2021,Product_86,Clothing,2017.27
492,4853,9,1,2987,7/12/2024,1093.87,Customer_2987,Cairo,customer2987@example.com,8/7/2020,Product_9,Food,3000.69
493,989,6,1,2066,2/6/2023,635.99,Customer_2066,Cairo,customer2066@example.com,7/9/2023,Product_6,Clothing,2452.37
494,1192,81,4,2788,10/17/2021,6771.31,Customer_2788,Alexandria,customer2788@example.com,12/2/2024,Product_81,Electronics,1778.51
495,4547,18,2,2384,6/7/2024,4157.07,Customer_2384,Mansoura,customer2384@example.com,3/1/2025,Product_18,Electronics,1004.49
496,4595,97,4,401,4/11/2024,5280.73,Customer_401,Giza,customer401@example.com,2/5/2020,Product_97,Clothing,4099.86
497,1788,68,1,2423,5/11/2024,5564.82,Customer_2423,Tanta,customer2423@example.com,6/8/2023,Product_68,Books,2107.14
498,681,10,5,2349,3/23/2024,6770.87,Customer_2349,Tanta,customer2349@example.com,3/9/2024,Product_10,Food,4759.39
499,3918,78,4,1176,12/16/2021,988.12,Customer_1176,Cairo,customer1176@example.com,11/2/2023,Product_78,Clothing,500.25
500,4949,26,1,571,1/4/2022,6604.99,Customer_571,Tanta,customer571@example.com,11/20/2021,Product_26,Food,3971.55
501,605,96,5,330,4/21/2022,5597.77,Customer_330,Cairo,customer330@example.com,1/7/2020,Product_96,Food,2091.27
502,1397,37,4,2337,7/7/2024,7546.74,Customer_2337,Cairo,customer2337@example.com,5/9/2023,Product_37,Clothing,3357.82
503,2508,78,4,371,10/2/2021,1863.06,Customer_371,Tanta,customer371@example.com,6/12/2024,Product_78,Clothing,500.25
504,2350,33,5,2340,9/25/2024,1542.98,Customer_2340,Cairo,customer2340@example.com,7/6/2021,Product_33,Books,3039.13
505,2993,59,1,174,9/12/2024,1276.49,Customer_174,Alexandria,customer174@example.com,3/14/2020,Product_59,Books,4667.97
506,907,97,1,2276,8/17/2024,6053.3,Customer_2276,Cairo,customer2276@example.com,7/1/2023,Product_97,Clothing,4099.86
507,417,58,4,695,9/10/2024,5319.07,Customer_695,Alexandria,customer695@example.com,4/11/2022,Product_58,Clothing,362.65
508,2961,51,4,648,8/25/2021,7480.14,Customer_648,Mansoura,customer648@example.com,1/29/2022,Product_51,Clothing,743.17
509,4660,49,2,1064,9/10/2024,9138.17,Customer_1064,Alexandria,customer1064@example.com,12/29/2024,Product_49,Electronics,2487.22
510,3606,49,1,2737,1/31/2025,9202.25,Customer_2737,Giza,customer2737@example.com,8/31/2021,Product_49,Electronics,2487.22
511,846,54,2,230,9/10/2023,268.54,Customer_230,Mansoura,customer230@example.com,1/14/2020,Product_54,Clothing,1537.55
512,629,6,2,691,2/22/2022,8868.86,Customer_691,Giza,customer691@example.com,12/31/2020,Product_6,Clothing,2452.37
513,2413,40,2,1762,4/17/2022,6472.58,Customer_1762,Giza,customer1762@example.com,10/31/2021,Product_40,Electronics,2551.49
514,51,45,3,538,7/6/2021,6086.71,Customer_538,Mansoura,customer538@example.com,9/11/2023,Product_45,Electronics,1533.97
515,2625,45,3,376,6/15/2022,5823.44,Customer_376,Tanta,customer376@example.com,6/22/2022,Product_45,Electronics,1533.97
516,3909,7,3,1315,2/22/2023,5730.1,Customer_1315,Cairo,customer1315@example.com,7/6/2023,Product_7,Food,592
517,2320,77,5,1213,12/18/2021,4100.86,Customer_1213,Alexandria,customer1213@example.com,9/29/2020,Product_77,Food,4530.49
518,4576,29,3,1516,12/28/2024,4321.84,Customer_1516,Giza,customer1516@example.com,3/14/2020,Product_29,Electronics,4798.18
519,4445,53,3,1382,1/13/2024,6689.41,Customer_1382,Mansoura,customer1382@example.com,11/25/2020,Product_53,Food,3135.69
520,2086,22,5,600,9/22/2021,9865.31,Customer_600,Tanta,customer600@example.com,9/13/2023,Product_22,Books,4732.78
521,1509,90,3,811,3/16/2023,9431.88,Customer_811,Cairo,customer811@example.com,1/17/2023,Product_90,Electronics,4526.98
522,3571,13,5,2322,1/6/2024,2741.85,Customer_2322,Cairo,customer2322@example.com,11/10/2022,Product_13,Books,4763.21
523,1742,94,3,755,3/31/2023,6614.23,Customer_755,Giza,customer755@example.com,1/18/2024,Product_94,Books,2732.33
524,2262,19,3,1,1/22/2024,3483.32,Customer_1,Alexandria,customer1@example.com,10/21/2021,Product_19,Clothing,4776.48
525,2132,29,1,2177,11/28/2021,6179.43,Customer_2177,Cairo,customer2177@example.com,9/11/2022,Product_29,Electronics,4798.18
526,3654,69,1,2077,12/11/2021,3100.75,Customer_2077,Giza,customer2077@example.com,7/13/2023,Product_69,Books,3830.58
527,4912,19,4,2940,8/30/2024,2639.43,Customer_2940,Cairo,customer2940@example.com,7/16/2021,Product_19,Clothing,4776.48
528,1816,62,2,534,3/16/2022,290.65,Customer_534,Tanta,customer534@example.com,1/4/2022,Product_62,Books,3842.23
529,2369,20,1,2685,1/28/2023,4006.78,Customer_2685,Alexandria,customer2685@example.com,11/7/2020,Product_20,Books,3971.54
530,2772,16,5,1644,4/15/2022,6833.64,Customer_1644,Alexandria,customer1644@example.com,1/10/2021,Product_16,Books,2927.96
531,2824,86,2,457,8/18/2024,2535.7,Customer_457,Alexandria,customer457@example.com,6/9/2023,Product_86,Clothing,2017.27
532,2683,89,1,2661,12/20/2021,954.91,Customer_2661,Mansoura,customer2661@example.com,12/27/2021,Product_89,Electronics,3701.86
533,958,49,4,393,2/18/2022,6494.33,Customer_393,Alexandria,customer393@example.com,11/23/2023,Product_49,Electronics,2487.22
534,4527,96,1,2570,12/4/2022,5269.7,Customer_2570,Giza,customer2570@example.com,11/12/2022,Product_96,Food,2091.27
535,4229,13,2,329,12/25/2022,297.93,Customer_329,Cairo,customer329@example.com,2/25/2024,Product_13,Books,4763.21
536,1329,5,1,1064,12/17/2024,6269.29,Customer_1064,Alexandria,customer1064@example.com,12/29/2024,Product_5,Electronics,3605.83
537,3448,12,4,2168,2/7/2023,1818.02,Customer_2168,Giza,customer2168@example.com,2/12/2024,Product_12,Electronics,1616.26
538,2788,66,2,1904,12/18/2023,4430.93,Customer_1904,Giza,customer1904@example.com,4/3/2021,Product_66,Electronics,1025.97
539,347,30,2,2953,3/21/2023,7134.37,Customer_2953,Tanta,customer2953@example.com,2/23/2025,Product_30,Food,1100.71
540,4820,83,4,2142,4/17/2024,9962.32,Customer_2142,Alexandria,customer2142@example.com,8/30/2022,Product_83,Electronics,4886.44
541,1410,55,4,1801,1/25/2024,4931.05,Customer_1801,Giza,customer1801@example.com,7/17/2020,Product_55,Food,1039.6
542,972,40,1,2062,12/4/2023,311.69,Customer_2062,Giza,customer2062@example.com,12/24/2021,Product_40,Electronics,2551.49
543,2505,23,3,492,6/9/2023,3646.44,Customer_492,Mansoura,customer492@example.com,4/6/2025,Product_23,Food,3477.2
544,132,77,5,1364,9/2/2024,1898.26,Customer_1364,Mansoura,customer1364@example.com,3/2/2025,Product_77,Food,4530.49
545,3215,10,3,473,2/3/2023,2033.64,Customer_473,Alexandria,customer473@example.com,2/20/2025,Product_10,Food,4759.39
546,2054,8,4,1926,7/25/2022,2251.47,Customer_1926,Giza,customer1926@example.com,7/3/2024,Product_8,Clothing,1366.58
547,3538,22,3,788,9/26/2024,4206.31,Customer_788,Cairo,customer788@example.com,5/19/2025,Product_22,Books,4732.78
548,4583,81,5,2650,1/27/2023,3245.45,Customer_2650,Tanta,customer2650@example.com,4/28/2021,Product_81,Electronics,1778.51
549,4035,41,3,1885,2/12/2024,9989.53,Customer_1885,Giza,customer1885@example.com,8/23/2021,Product_41,Electronics,956.49
550,4947,33,1,1211,1/24/2024,1030.77,Customer_1211,Alexandria,customer1211@example.com,8/30/2023,Product_33,Books,3039.13
551,4023,30,5,2689,4/28/2023,9024.61,Customer_2689,Cairo,customer2689@example.com,3/24/2020,Product_30,Food,1100.71
552,3625,75,4,1379,5/6/2022,1025.07,Customer_1379,Alexandria,customer1379@example.com,6/7/2024,Product_75,Electronics,1101.96
553,3737,18,1,2459,11/7/2024,1492.75,Customer_2459,Giza,customer2459@example.com,8/28/2023,Product_18,Electronics,1004.49
554,2671,80,5,2552,6/19/2023,4443.37,Customer_2552,Mansoura,customer2552@example.com,3/4/2021,Product_80,Books,1059.08
555,3021,4,2,93,3/18/2024,7095.32,Customer_93,Mansoura,customer93@example.com,4/30/2023,Product_4,Books,4854.34
556,3946,79,4,1334,5/12/2024,4907.43,Customer_1334,Mansoura,customer1334@example.com,3/19/2024,Product_79,Electronics,3626.75
557,3232,75,2,1210,5/22/2022,6650.97,Customer_1210,Cairo,customer1210@example.com,10/8/2024,Product_75,Electronics,1101.96
558,1622,50,4,1710,3/31/2024,5402.14,Customer_1710,Giza,customer1710@example.com,11/25/2022,Product_50,Food,3820.03
559,363,6,5,378,2/7/2022,719.78,Customer_378,Tanta,customer378@example.com,6/20/2021,Product_6,Clothing,2452.37
560,2901,50,5,1924,12/31/2023,2828.04,Customer_1924,Alexandria,customer1924@example.com,5/2/2023,Product_50,Food,3820.03
561,4924,43,4,1226,2/13/2022,6524.08,Customer_1226,Giza,customer1226@example.com,9/28/2020,Product_43,Electronics,4285.71
562,4634,33,5,1937,1/11/2022,5332.1,Customer_1937,Cairo,customer1937@example.com,10/29/2024,Product_33,Books,3039.13
563,2092,59,2,181,10/30/2022,9175.3,Customer_181,Mansoura,customer181@example.com,2/24/2025,Product_59,Books,4667.97
564,3818,15,3,270,7/4/2024,5943.42,Customer_270,Cairo,customer270@example.com,4/28/2023,Product_15,Food,4986.15
565,934,65,2,1197,2/27/2023,2382.1,Customer_1197,Tanta,customer1197@example.com,1/4/2023,Product_65,Clothing,3948.51
566,1077,92,3,1154,5/25/2021,5478.21,Customer_1154,Alexandria,customer1154@example.com,10/28/2024,Product_92,Food,4734.4
567,3785,21,4,372,12/6/2024,2614.41,Customer_372,Cairo,customer372@example.com,3/18/2020,Product_21,Electronics,96.34
568,4984,75,2,1959,1/19/2024,519.54,Customer_1959,Alexandria,customer1959@example.com,3/17/2020,Product_75,Electronics,1101.96
569,766,54,4,229,2/8/2023,5679.24,Customer_229,Cairo,customer229@example.com,1/29/2021,Product_54,Clothing,1537.55
570,4094,83,1,1980,2/18/2024,4817.76,Customer_1980,Alexandria,customer1980@example.com,11/5/2023,Product_83,Electronics,4886.44
571,279,96,3,240,6/7/2021,8766.35,Customer_240,Cairo,customer240@example.com,6/11/2023,Product_96,Food,2091.27
572,2990,55,4,2867,6/27/2022,8007.15,Customer_2867,Tanta,customer2867@example.com,5/2/2023,Product_55,Food,1039.6
573,3038,89,4,468,4/26/2021,6550.42,Customer_468,Mansoura,customer468@example.com,7/12/2022,Product_89,Electronics,3701.86
574,3940,59,5,552,10/12/2021,1758.94,Customer_552,Tanta,customer552@example.com,4/1/2023,Product_59,Books,4667.97
575,4308,95,2,2694,4/9/2022,6920.75,Customer_2694,Tanta,customer2694@example.com,7/11/2022,Product_95,Clothing,329.17
576,4601,92,1,2093,9/27/2022,3880.14,Customer_2093,Alexandria,customer2093@example.com,9/29/2023,Product_92,Food,4734.4
577,855,49,1,1943,10/8/2024,5363.54,Customer_1943,Mansoura,customer1943@example.com,3/23/2025,Product_49,Electronics,2487.22
578,4110,72,2,600,9/4/2024,2412.83,Customer_600,Tanta,customer600@example.com,9/13/2023,Product_72,Books,3410.88
579,3191,86,5,1759,11/12/2023,6913.55,Customer_1759,Cairo,customer1759@example.com,5/12/2025,Product_86,Clothing,2017.27
580,787,99,4,2977,9/26/2021,6893.24,Customer_2977,Giza,customer2977@example.com,10/15/2024,Product_99,Food,1026.63
581,4986,93,2,1125,5/1/2024,4217.8,Customer_1125,Cairo,customer1125@example.com,10/25/2020,Product_93,Food,400.32
582,1165,71,1,1554,11/27/2021,1342.62,Customer_1554,Alexandria,customer1554@example.com,4/3/2025,Product_71,Food,2771.35
583,4343,27,2,349,10/13/2021,2194.08,Customer_349,Alexandria,customer349@example.com,3/1/2021,Product_27,Books,2083.82
584,3514,29,2,2283,2/9/2021,7066.13,Customer_2283,Tanta,customer2283@example.com,12/10/2023,Product_29,Electronics,4798.18
585,623,35,2,1077,2/9/2024,5212.57,Customer_1077,Mansoura,customer1077@example.com,7/22/2023,Product_35,Electronics,4514.18
586,2692,29,4,254,1/19/2025,6197.64,Customer_254,Tanta,customer254@example.com,4/6/2025,Product_29,Electronics,4798.18
587,2156,66,5,2664,9/20/2021,4597.08,Customer_2664,Cairo,customer2664@example.com,10/30/2020,Product_66,Electronics,1025.97
588,902,65,5,90,5/9/2023,8602.19,Customer_90,Giza,customer90@example.com,11/8/2020,Product_65,Clothing,3948.51
589,572,9,1,1124,2/14/2022,3431.16,Customer_1124,Giza,customer1124@example.com,12/25/2022,Product_9,Food,3000.69
590,1365,41,1,2863,10/30/2024,439.59,Customer_2863,Mansoura,customer2863@example.com,3/17/2023,Product_41,Electronics,956.49
591,4214,82,5,1143,11/25/2021,7761.15,Customer_1143,Tanta,customer1143@example.com,3/31/2020,Product_82,Books,4288.29
592,426,18,3,1889,11/30/2022,9052.53,Customer_1889,Alexandria,customer1889@example.com,1/16/2023,Product_18,Electronics,1004.49
593,1320,61,4,560,10/15/2021,5871.59,Customer_560,Mansoura,customer560@example.com,10/21/2024,Product_61,Clothing,4887.51
594,4792,75,1,762,7/15/2021,8325.34,Customer_762,Alexandria,customer762@example.com,4/23/2024,Product_75,Electronics,1101.96
595,2395,92,4,331,11/10/2022,9989.52,Customer_331,Alexandria,customer331@example.com,2/9/2023,Product_92,Food,4734.4
596,10,14,5,550,5/30/2022,9077.67,Customer_550,Giza,customer550@example.com,2/11/2025,Product_14,Clothing,1343.5
597,1955,3,4,103,4/30/2024,6883,Customer_103,Giza,customer103@example.com,5/19/2023,Product_3,Food,1172.91
598,4033,8,5,2736,3/27/2022,5949.93,Customer_2736,Tanta,customer2736@example.com,6/8/2023,Product_8,Clothing,1366.58
599,4205,86,5,306,12/30/2023,8391.84,Customer_306,Alexandria,customer306@example.com,1/25/2024,Product_86,Clothing,2017.27
600,348,12,4,1485,3/10/2023,9767.65,Customer_1485,Tanta,customer1485@example.com,5/27/2023,Product_12,Electronics,1616.26
601,4427,37,5,2109,12/24/2022,9589.55,Customer_2109,Tanta,customer2109@example.com,2/3/2024,Product_37,Clothing,3357.82
602,3166,4,1,2394,2/18/2024,9311.89,Customer_2394,Mansoura,customer2394@example.com,6/2/2020,Product_4,Books,4854.34
603,3099,25,2,377,6/15/2023,4300.58,Customer_377,Tanta,customer377@example.com,8/2/2022,Product_25,Food,1357.47
604,2649,7,3,1276,7/30/2024,1484.58,Customer_1276,Tanta,customer1276@example.com,5/18/2023,Product_7,Food,592
605,1463,34,5,2275,9/2/2021,8879.94,Customer_2275,Mansoura,customer2275@example.com,5/4/2023,Product_34,Clothing,4372.79
606,3867,39,1,2692,10/28/2021,167.61,Customer_2692,Giza,customer2692@example.com,3/24/2020,Product_39,Clothing,3859.21
607,3737,90,2,2459,11/7/2024,1492.75,Customer_2459,Giza,customer2459@example.com,8/28/2023,Product_90,Electronics,4526.98
608,1195,15,2,1029,2/7/2023,3868.88,Customer_1029,Giza,customer1029@example.com,11/30/2022,Product_15,Food,4986.15
609,1333,12,4,133,2/15/2024,1010.69,Customer_133,Giza,customer133@example.com,1/9/2023,Product_12,Electronics,1616.26
610,1979,41,2,1672,4/30/2024,1130.3,Customer_1672,Mansoura,customer1672@example.com,7/9/2020,Product_41,Electronics,956.49
611,1821,51,5,1611,5/6/2023,2263.15,Customer_1611,Tanta,customer1611@example.com,10/1/2020,Product_51,Clothing,743.17
612,4965,80,4,1552,9/17/2024,8168.12,Customer_1552,Mansoura,customer1552@example.com,2/20/2022,Product_80,Books,1059.08
613,1773,58,5,2973,6/25/2024,7658.02,Customer_2973,Mansoura,customer2973@example.com,9/28/2024,Product_58,Clothing,362.65
614,3261,51,3,1664,3/1/2024,1314.21,Customer_1664,Cairo,customer1664@example.com,7/7/2024,Product_51,Clothing,743.17
615,2917,78,5,535,1/2/2025,4623.6,Customer_535,Tanta,customer535@example.com,2/9/2024,Product_78,Clothing,500.25
616,4066,51,2,828,7/13/2022,6196.5,Customer_828,Mansoura,customer828@example.com,7/16/2020,Product_51,Clothing,743.17
617,4926,43,4,310,6/1/2021,253.73,Customer_310,Alexandria,customer310@example.com,12/14/2023,Product_43,Electronics,4285.71
618,1793,56,2,193,5/4/2024,5542.4,Customer_193,Mansoura,customer193@example.com,5/3/2023,Product_56,Clothing,3991.47
619,1540,99,3,2294,9/7/2021,898.16,Customer_2294,Alexandria,customer2294@example.com,9/6/2024,Product_99,Food,1026.63
620,771,60,2,1791,2/16/2024,3056.38,Customer_1791,Giza,customer1791@example.com,5/27/2021,Product_60,Books,3144.78
621,3823,23,4,760,7/26/2021,5916.18,Customer_760,Cairo,customer760@example.com,10/27/2022,Product_23,Food,3477.2
622,2373,24,4,1868,8/11/2022,1507.58,Customer_1868,Giza,customer1868@example.com,4/11/2020,Product_24,Books,143.69
623,1890,60,1,2777,4/7/2022,6016.96,Customer_2777,Giza,customer2777@example.com,4/8/2025,Product_60,Books,3144.78
624,232,9,2,2523,3/21/2023,355.16,Customer_2523,Giza,customer2523@example.com,3/22/2021,Product_9,Food,3000.69
625,4720,13,4,1097,12/22/2024,5889.32,Customer_1097,Tanta,customer1097@example.com,4/16/2025,Product_13,Books,4763.21
626,3424,98,4,2204,2/11/2021,1881.54,Customer_2204,Giza,customer2204@example.com,11/4/2020,Product_98,Clothing,76.04
627,4127,38,2,2072,12/1/2024,5291.41,Customer_2072,Alexandria,customer2072@example.com,5/12/2020,Product_38,Electronics,3198
628,2522,49,3,2379,7/11/2023,554.82,Customer_2379,Tanta,customer2379@example.com,12/5/2024,Product_49,Electronics,2487.22
629,1844,56,2,582,9/19/2022,3061.06,Customer_582,Alexandria,customer582@example.com,6/19/2021,Product_56,Clothing,3991.47
630,2561,28,5,2707,1/8/2022,5244.79,Customer_2707,Cairo,customer2707@example.com,4/13/2024,Product_28,Clothing,3000.39
631,2692,40,4,254,1/19/2025,6197.64,Customer_254,Tanta,customer254@example.com,4/6/2025,Product_40,Electronics,2551.49
632,1481,86,4,2126,8/14/2022,7896.2,Customer_2126,Tanta,customer2126@example.com,8/1/2020,Product_86,Clothing,2017.27
633,3930,94,3,1649,9/9/2022,5293.79,Customer_1649,Giza,customer1649@example.com,3/17/2021,Product_94,Books,2732.33
634,1542,30,3,2968,10/12/2022,5687.54,Customer_2968,Mansoura,customer2968@example.com,2/1/2021,Product_30,Food,1100.71
635,1470,74,2,2772,7/21/2024,876.8,Customer_2772,Giza,customer2772@example.com,1/9/2020,Product_74,Books,1450.23
636,2364,75,2,1712,12/14/2023,2131.43,Customer_1712,Alexandria,customer1712@example.com,7/25/2023,Product_75,Electronics,1101.96
637,3003,77,4,758,12/3/2023,5129.21,Customer_758,Cairo,customer758@example.com,8/1/2020,Product_77,Food,4530.49
638,527,92,5,1873,3/14/2024,9940.3,Customer_1873,Giza,customer1873@example.com,10/26/2020,Product_92,Food,4734.4
639,1789,45,5,735,3/8/2022,7179.59,Customer_735,Cairo,customer735@example.com,8/18/2020,Product_45,Electronics,1533.97
640,2299,16,1,1826,4/26/2022,2859.21,Customer_1826,Giza,customer1826@example.com,9/29/2021,Product_16,Books,2927.96
641,2481,45,1,465,8/13/2024,7120.84,Customer_465,Giza,customer465@example.com,2/13/2020,Product_45,Electronics,1533.97
642,4163,83,4,2841,12/4/2023,4531.46,Customer_2841,Giza,customer2841@example.com,3/2/2025,Product_83,Electronics,4886.44
643,1357,18,5,223,3/26/2024,8957.45,Customer_223,Alexandria,customer223@example.com,10/21/2022,Product_18,Electronics,1004.49
644,2852,42,4,2592,5/28/2022,7563.86,Customer_2592,Tanta,customer2592@example.com,7/26/2020,Product_42,Books,4962.04
645,3610,9,4,1511,8/31/2024,3342.94,Customer_1511,Mansoura,customer1511@example.com,11/23/2023,Product_9,Food,3000.69
646,3843,42,3,38,8/18/2023,7133.21,Customer_38,Alexandria,customer38@example.com,5/28/2021,Product_42,Books,4962.04
647,3369,34,4,2511,11/12/2024,6680.45,Customer_2511,Alexandria,customer2511@example.com,2/12/2021,Product_34,Clothing,4372.79
648,1464,1,4,2885,6/16/2024,6604.66,Customer_2885,Giza,customer2885@example.com,7/3/2023,Product_1,Electronics,213.03
649,4595,96,1,401,4/11/2024,5280.73,Customer_401,Giza,customer401@example.com,2/5/2020,Product_96,Food,2091.27
650,2431,12,4,2830,4/6/2021,1289.52,Customer_2830,Mansoura,customer2830@example.com,2/18/2020,Product_12,Electronics,1616.26
651,4890,48,5,1927,4/16/2021,8300.92,Customer_1927,Tanta,customer1927@example.com,6/26/2022,Product_48,Food,1377.81
652,27,42,3,487,11/6/2023,6587.51,Customer_487,Tanta,customer487@example.com,12/14/2023,Product_42,Books,4962.04
653,4358,11,2,1137,3/10/2022,225.4,Customer_1137,Mansoura,customer1137@example.com,2/12/2025,Product_11,Books,4911.93
654,2405,30,5,791,3/5/2021,9494.34,Customer_791,Tanta,customer791@example.com,3/21/2020,Product_30,Food,1100.71
655,4263,41,3,2274,9/2/2024,7045.25,Customer_2274,Tanta,customer2274@example.com,10/12/2024,Product_41,Electronics,956.49
656,4008,81,1,1027,3/2/2021,7160.69,Customer_1027,Tanta,customer1027@example.com,12/23/2024,Product_81,Electronics,1778.51
657,4603,4,1,2404,10/8/2021,1364.52,Customer_2404,Mansoura,customer2404@example.com,10/17/2023,Product_4,Books,4854.34
658,3524,93,5,118,8/14/2021,8148.95,Customer_118,Cairo,customer118@example.com,8/1/2023,Product_93,Food,400.32
659,585,28,1,1847,3/2/2022,3386.82,Customer_1847,Alexandria,customer1847@example.com,2/10/2024,Product_28,Clothing,3000.39
660,1755,22,3,2355,9/15/2023,8364.74,Customer_2355,Giza,customer2355@example.com,3/20/2023,Product_22,Books,4732.78
661,2039,94,2,1779,12/31/2023,8456.53,Customer_1779,Cairo,customer1779@example.com,5/14/2020,Product_94,Books,2732.33
662,658,54,3,1830,5/6/2024,7013.29,Customer_1830,Alexandria,customer1830@example.com,2/28/2021,Product_54,Clothing,1537.55
663,4752,20,1,713,8/4/2024,4174.44,Customer_713,Alexandria,customer713@example.com,3/25/2021,Product_20,Books,3971.54
664,3291,31,4,2815,2/23/2023,854.16,Customer_2815,Alexandria,customer2815@example.com,3/24/2024,Product_31,Clothing,803.97
665,3877,15,1,2004,8/7/2022,9951.71,Customer_2004,Giza,customer2004@example.com,4/28/2021,Product_15,Food,4986.15
666,2330,84,3,2693,10/26/2021,386.1,Customer_2693,Giza,customer2693@example.com,12/29/2021,Product_84,Electronics,2027.35
667,483,38,2,1753,9/28/2021,2255.76,Customer_1753,Cairo,customer1753@example.com,12/31/2021,Product_38,Electronics,3198
668,739,40,5,1056,9/16/2024,6035.98,Customer_1056,Alexandria,customer1056@example.com,6/1/2023,Product_40,Electronics,2551.49
669,4667,17,4,310,1/28/2022,7614.34,Customer_310,Alexandria,customer310@example.com,12/14/2023,Product_17,Food,1236.08
670,1686,26,5,859,7/22/2023,1227.7,Customer_859,Mansoura,customer859@example.com,1/1/2025,Product_26,Food,3971.55
671,265,37,4,2334,1/17/2023,7425.96,Customer_2334,Tanta,customer2334@example.com,11/12/2022,Product_37,Clothing,3357.82
672,868,17,2,767,10/21/2021,3623.61,Customer_767,Alexandria,customer767@example.com,8/21/2022,Product_17,Food,1236.08
673,2752,29,4,754,8/18/2021,7200.21,Customer_754,Alexandria,customer754@example.com,7/30/2020,Product_29,Electronics,4798.18
674,1305,67,2,104,2/27/2024,2373.08,Customer_104,Giza,customer104@example.com,3/15/2024,Product_67,Books,572.57
675,4082,61,3,2694,11/23/2023,9366.57,Customer_2694,Tanta,customer2694@example.com,7/11/2022,Product_61,Clothing,4887.51
676,2058,74,5,506,3/11/2023,2872.22,Customer_506,Mansoura,customer506@example.com,4/23/2022,Product_74,Books,1450.23
677,4994,70,2,2634,6/30/2023,6373.57,Customer_2634,Giza,customer2634@example.com,4/9/2023,Product_70,Electronics,2993.19
678,3585,54,2,1218,9/8/2022,5715.97,Customer_1218,Giza,customer1218@example.com,6/22/2025,Product_54,Clothing,1537.55
679,4931,30,4,1249,10/31/2021,1794.13,Customer_1249,Alexandria,customer1249@example.com,2/2/2020,Product_30,Food,1100.71
680,775,82,4,2994,7/17/2023,8566.23,Customer_2994,Mansoura,customer2994@example.com,8/3/2022,Product_82,Books,4288.29
681,1632,27,1,2071,12/19/2024,7619.52,Customer_2071,Cairo,customer2071@example.com,12/10/2020,Product_27,Books,2083.82
682,607,69,4,1222,3/17/2021,2837.88,Customer_1222,Mansoura,customer1222@example.com,1/11/2025,Product_69,Books,3830.58
683,4705,16,5,2071,6/27/2021,4943.82,Customer_2071,Cairo,customer2071@example.com,12/10/2020,Product_16,Books,2927.96
684,3208,91,3,2961,12/7/2021,199.02,Customer_2961,Alexandria,customer2961@example.com,9/4/2022,Product_91,Food,1957.69
685,2010,75,1,1804,11/24/2021,5758.4,Customer_1804,Alexandria,customer1804@example.com,12/11/2024,Product_75,Electronics,1101.96
686,3241,9,3,1237,2/26/2024,6381.78,Customer_1237,Tanta,customer1237@example.com,12/12/2021,Product_9,Food,3000.69
687,4995,6,2,2785,2/9/2024,1824.7,Customer_2785,Mansoura,customer2785@example.com,6/11/2022,Product_6,Clothing,2452.37
688,2880,34,4,624,2/2/2021,3147.72,Customer_624,Giza,customer624@example.com,5/3/2024,Product_34,Clothing,4372.79
689,4890,72,2,1927,4/16/2021,8300.92,Customer_1927,Tanta,customer1927@example.com,6/26/2022,Product_72,Books,3410.88
690,2677,2,5,2958,4/12/2023,3343.67,Customer_2958,Giza,customer2958@example.com,3/22/2025,Product_2,Clothing,3751.87
691,353,50,5,742,8/18/2024,6599.28,Customer_742,Tanta,customer742@example.com,10/14/2020,Product_50,Food,3820.03
692,1262,60,3,2670,11/2/2023,4040.89,Customer_2670,Giza,customer2670@example.com,11/7/2021,Product_60,Books,3144.78
693,4745,99,5,726,4/9/2021,156.37,Customer_726,Mansoura,customer726@example.com,7/21/2024,Product_99,Food,1026.63
694,2694,55,2,1639,5/2/2023,3846.44,Customer_1639,Giza,customer1639@example.com,9/29/2020,Product_55,Food,1039.6
695,3578,23,5,2775,7/6/2023,6653.78,Customer_2775,Alexandria,customer2775@example.com,5/12/2022,Product_23,Food,3477.2
696,456,6,2,2821,12/24/2024,427.2,Customer_2821,Giza,customer2821@example.com,2/26/2022,Product_6,Clothing,2452.37
697,140,84,2,1747,9/6/2022,4353.69,Customer_1747,Giza,customer1747@example.com,8/22/2021,Product_84,Electronics,2027.35
698,3863,81,4,686,7/6/2021,2362.49,Customer_686,Alexandria,customer686@example.com,5/5/2021,Product_81,Electronics,1778.51
699,4940,16,1,2313,2/14/2022,240.19,Customer_2313,Mansoura,customer2313@example.com,11/23/2021,Product_16,Books,2927.96
700,1501,67,4,2145,8/6/2022,5540.04,Customer_2145,Giza,customer2145@example.com,3/12/2022,Product_67,Books,572.57
701,1003,56,1,2377,11/11/2021,4051.69,Customer_2377,Tanta,customer2377@example.com,8/24/2023,Product_56,Clothing,3991.47
702,4228,74,2,122,2/17/2024,3136.53,Customer_122,Giza,customer122@example.com,11/14/2024,Product_74,Books,1450.23
703,2170,17,1,1434,1/4/2023,3923.43,Customer_1434,Giza,customer1434@example.com,4/22/2022,Product_17,Food,1236.08
704,372,73,5,1595,3/4/2022,624.59,Customer_1595,Tanta,customer1595@example.com,10/6/2022,Product_73,Food,4973.65
705,2943,33,2,2014,11/18/2023,5034.59,Customer_2014,Cairo,customer2014@example.com,2/5/2024,Product_33,Books,3039.13
706,2368,60,2,383,7/16/2023,7725.06,Customer_383,Alexandria,customer383@example.com,12/13/2020,Product_60,Books,3144.78
707,3344,98,3,2618,7/14/2022,3263.71,Customer_2618,Giza,customer2618@example.com,4/17/2023,Product_98,Clothing,76.04
708,3757,39,1,2987,6/10/2024,6742.41,Customer_2987,Cairo,customer2987@example.com,8/7/2020,Product_39,Clothing,3859.21
709,3399,11,3,2879,3/19/2023,9964.96,Customer_2879,Tanta,customer2879@example.com,1/31/2025,Product_11,Books,4911.93
710,2074,36,4,567,12/9/2023,5282.96,Customer_567,Mansoura,customer567@example.com,8/18/2022,Product_36,Books,435.47
711,4087,58,1,2486,6/23/2024,1616.63,Customer_2486,Mansoura,customer2486@example.com,9/11/2022,Product_58,Clothing,362.65
712,3544,11,5,2829,9/25/2022,9422.51,Customer_2829,Alexandria,customer2829@example.com,3/31/2025,Product_11,Books,4911.93
713,1955,16,3,103,4/30/2024,6883,Customer_103,Giza,customer103@example.com,5/19/2023,Product_16,Books,2927.96
714,2137,72,2,1019,4/10/2023,3701.11,Customer_1019,Cairo,customer1019@example.com,3/9/2023,Product_72,Books,3410.88
715,2799,40,4,873,6/14/2022,2806.42,Customer_873,Giza,customer873@example.com,11/8/2023,Product_40,Electronics,2551.49
716,1528,88,4,2219,3/13/2022,5879.68,Customer_2219,Mansoura,customer2219@example.com,4/12/2024,Product_88,Electronics,4918.9
717,1298,49,3,903,12/12/2022,3928.08,Customer_903,Cairo,customer903@example.com,1/21/2023,Product_49,Electronics,2487.22
718,3525,52,2,2994,1/21/2022,4042.88,Customer_2994,Mansoura,customer2994@example.com,8/3/2022,Product_52,Electronics,3840.32
719,2865,20,1,514,6/13/2024,7303.95,Customer_514,Cairo,customer514@example.com,12/28/2024,Product_20,Books,3971.54
720,2982,71,5,2818,12/7/2022,9125.46,Customer_2818,Tanta,customer2818@example.com,1/13/2025,Product_71,Food,2771.35
721,3662,60,3,2442,6/28/2023,2465.19,Customer_2442,Cairo,customer2442@example.com,3/20/2022,Product_60,Books,3144.78
722,3105,78,3,1575,11/27/2023,6087.86,Customer_1575,Alexandria,customer1575@example.com,3/20/2023,Product_78,Clothing,500.25
723,1047,88,5,2531,8/1/2022,4098.1,Customer_2531,Tanta,customer2531@example.com,7/8/2021,Product_88,Electronics,4918.9
724,4899,92,2,1033,8/15/2023,9763.64,Customer_1033,Alexandria,customer1033@example.com,10/1/2024,Product_92,Food,4734.4
725,3232,36,3,1210,5/22/2022,6650.97,Customer_1210,Cairo,customer1210@example.com,10/8/2024,Product_36,Books,435.47
726,2267,30,4,1945,10/25/2022,1272.25,Customer_1945,Alexandria,customer1945@example.com,3/28/2020,Product_30,Food,1100.71
727,3628,60,5,208,7/23/2022,3879.47,Customer_208,Cairo,customer208@example.com,7/5/2020,Product_60,Books,3144.78
728,3323,20,5,2908,12/27/2021,6374.3,Customer_2908,Cairo,customer2908@example.com,6/12/2021,Product_20,Books,3971.54
729,136,66,4,967,12/22/2021,263.21,Customer_967,Giza,customer967@example.com,7/15/2021,Product_66,Electronics,1025.97
730,2099,33,3,2366,3/23/2024,1100.25,Customer_2366,Mansoura,customer2366@example.com,1/4/2025,Product_33,Books,3039.13
731,3635,5,2,1923,9/7/2024,8103.14,Customer_1923,Giza,customer1923@example.com,12/22/2024,Product_5,Electronics,3605.83
732,2006,46,2,1787,4/12/2022,6682.41,Customer_1787,Tanta,customer1787@example.com,8/13/2023,Product_46,Books,4701.18
733,1820,64,5,2842,5/4/2021,9345.62,Customer_2842,Mansoura,customer2842@example.com,2/3/2024,Product_64,Clothing,702.02
734,2113,55,5,758,4/23/2023,264.41,Customer_758,Cairo,customer758@example.com,8/1/2020,Product_55,Food,1039.6
735,3543,58,1,2811,10/8/2024,8765.72,Customer_2811,Cairo,customer2811@example.com,2/1/2025,Product_58,Clothing,362.65
736,3479,92,2,280,5/20/2023,4694.37,Customer_280,Tanta,customer280@example.com,1/4/2020,Product_92,Food,4734.4
737,4443,42,4,2298,12/28/2022,5233.84,Customer_2298,Cairo,customer2298@example.com,8/10/2024,Product_42,Books,4962.04
738,1337,72,3,741,1/28/2024,3888.62,Customer_741,Tanta,customer741@example.com,4/12/2023,Product_72,Books,3410.88
739,558,41,4,207,10/19/2024,7928.24,Customer_207,Mansoura,customer207@example.com,5/20/2023,Product_41,Electronics,956.49
740,4488,73,3,2794,10/6/2024,2523.7,Customer_2794,Mansoura,customer2794@example.com,5/20/2025,Product_73,Food,4973.65
741,2957,36,1,2186,9/16/2024,9034.77,Customer_2186,Cairo,customer2186@example.com,7/14/2021,Product_36,Books,435.47
742,4313,91,2,132,3/22/2021,8031.27,Customer_132,Tanta,customer132@example.com,9/2/2022,Product_91,Food,1957.69
743,2182,41,1,3,12/13/2021,2781.5,Customer_3,Mansoura,customer3@example.com,2/15/2022,Product_41,Electronics,956.49
744,565,65,4,2705,1/2/2021,7219.64,Customer_2705,Tanta,customer2705@example.com,3/9/2025,Product_65,Clothing,3948.51
745,2421,8,5,1418,4/5/2021,2493.58,Customer_1418,Tanta,customer1418@example.com,9/30/2021,Product_8,Clothing,1366.58
746,4068,20,5,173,7/26/2022,3383.71,Customer_173,Cairo,customer173@example.com,3/12/2020,Product_20,Books,3971.54
747,3377,13,1,713,4/4/2021,2504.31,Customer_713,Alexandria,customer713@example.com,3/25/2021,Product_13,Books,4763.21
748,1733,32,2,2556,1/17/2021,9666.29,Customer_2556,Cairo,customer2556@example.com,11/4/2022,Product_32,Clothing,612.61
749,4876,28,4,711,10/16/2022,471.37,Customer_711,Giza,customer711@example.com,9/9/2023,Product_28,Clothing,3000.39
750,1587,69,4,1144,6/29/2022,5445.2,Customer_1144,Giza,customer1144@example.com,1/23/2023,Product_69,Books,3830.58
751,4813,25,5,929,10/2/2022,2398.94,Customer_929,Giza,customer929@example.com,8/25/2021,Product_25,Food,1357.47
752,593,61,2,2019,11/15/2022,6418.42,Customer_2019,Tanta,customer2019@example.com,6/20/2022,Product_61,Clothing,4887.51
753,2566,79,2,2137,6/27/2021,2193.37,Customer_2137,Cairo,customer2137@example.com,8/9/2022,Product_79,Electronics,3626.75
754,548,89,2,97,11/27/2022,1777.71,Customer_97,Giza,customer97@example.com,11/22/2020,Product_89,Electronics,3701.86
755,3994,44,4,587,6/11/2021,4106.7,Customer_587,Mansoura,customer587@example.com,3/29/2023,Product_44,Books,1374.68
756,1843,73,1,1483,9/13/2022,4914.82,Customer_1483,Tanta,customer1483@example.com,12/9/2023,Product_73,Food,4973.65
757,733,9,4,62,8/12/2021,4700.47,Customer_62,Mansoura,customer62@example.com,3/18/2025,Product_9,Food,3000.69
758,2090,46,4,349,10/10/2022,8333.77,Customer_349,Alexandria,customer349@example.com,3/1/2021,Product_46,Books,4701.18
759,1889,27,4,2776,11/26/2023,613.65,Customer_2776,Alexandria,customer2776@example.com,9/22/2020,Product_27,Books,2083.82
760,1472,14,4,563,4/29/2022,7254.95,Customer_563,Tanta,customer563@example.com,10/26/2023,Product_14,Clothing,1343.5
761,3798,85,5,1805,1/7/2021,8254.99,Customer_1805,Giza,customer1805@example.com,10/30/2021,Product_85,Clothing,1711.88
762,3461,73,2,785,4/20/2024,9632.47,Customer_785,Alexandria,customer785@example.com,3/21/2023,Product_73,Food,4973.65
763,129,51,4,1640,11/13/2024,7899.39,Customer_1640,Alexandria,customer1640@example.com,9/22/2020,Product_51,Clothing,743.17
764,2048,50,1,1727,8/19/2023,8780.66,Customer_1727,Mansoura,customer1727@example.com,6/3/2024,Product_50,Food,3820.03
765,2865,86,2,514,6/13/2024,7303.95,Customer_514,Cairo,customer514@example.com,12/28/2024,Product_86,Clothing,2017.27
766,2749,38,1,1040,2/21/2021,5364.97,Customer_1040,Mansoura,customer1040@example.com,4/19/2023,Product_38,Electronics,3198
767,4660,44,4,1064,9/10/2024,9138.17,Customer_1064,Alexandria,customer1064@example.com,12/29/2024,Product_44,Books,1374.68
768,632,4,5,934,3/3/2023,9011.25,Customer_934,Giza,customer934@example.com,9/27/2020,Product_4,Books,4854.34
769,2125,16,1,2466,11/13/2021,3870.85,Customer_2466,Cairo,customer2466@example.com,7/20/2020,Product_16,Books,2927.96
770,3320,58,1,2595,5/27/2024,1967.25,Customer_2595,Cairo,customer2595@example.com,5/9/2020,Product_58,Clothing,362.65
771,3581,2,1,950,9/22/2023,1855.72,Customer_950,Alexandria,customer950@example.com,12/9/2020,Product_2,Clothing,3751.87
772,1167,56,4,2759,6/1/2022,8928.43,Customer_2759,Giza,customer2759@example.com,3/24/2021,Product_56,Clothing,3991.47
773,352,70,5,2701,1/26/2022,2205.85,Customer_2701,Alexandria,customer2701@example.com,8/28/2020,Product_70,Electronics,2993.19
774,3995,39,3,208,5/15/2024,1577.69,Customer_208,Cairo,customer208@example.com,7/5/2020,Product_39,Clothing,3859.21
775,3700,64,4,889,6/11/2022,9394.76,Customer_889,Giza,customer889@example.com,2/5/2022,Product_64,Clothing,702.02
776,3725,87,2,1494,4/22/2023,5122.08,Customer_1494,Alexandria,customer1494@example.com,11/2/2023,Product_87,Food,3831.9
777,1702,37,4,865,7/16/2023,1577.61,Customer_865,Tanta,customer865@example.com,11/6/2024,Product_37,Clothing,3357.82
778,2297,65,3,882,6/12/2022,2342.17,Customer_882,Alexandria,customer882@example.com,6/30/2024,Product_65,Clothing,3948.51
779,529,78,4,434,1/24/2024,6329.09,Customer_434,Tanta,customer434@example.com,7/5/2021,Product_78,Clothing,500.25
780,4601,79,2,2093,9/27/2022,3880.14,Customer_2093,Alexandria,customer2093@example.com,9/29/2023,Product_79,Electronics,3626.75
781,2752,49,3,754,8/18/2021,7200.21,Customer_754,Alexandria,customer754@example.com,7/30/2020,Product_49,Electronics,2487.22
782,671,75,1,1508,11/19/2022,2993.07,Customer_1508,Tanta,customer1508@example.com,2/27/2024,Product_75,Electronics,1101.96
783,1523,69,1,1478,8/28/2024,9816.86,Customer_1478,Giza,customer1478@example.com,6/9/2022,Product_69,Books,3830.58
784,43,43,2,1394,4/27/2021,8690.04,Customer_1394,Alexandria,customer1394@example.com,4/5/2022,Product_43,Electronics,4285.71
785,973,66,1,2938,10/12/2021,3707.42,Customer_2938,Mansoura,customer2938@example.com,4/9/2024,Product_66,Electronics,1025.97
786,3704,71,4,2356,3/5/2024,2467.93,Customer_2356,Mansoura,customer2356@example.com,1/4/2022,Product_71,Food,2771.35
787,2467,82,1,1050,10/22/2024,6750.12,Customer_1050,Alexandria,customer1050@example.com,5/5/2024,Product_82,Books,4288.29
788,168,18,2,1211,11/27/2022,7510.76,Customer_1211,Alexandria,customer1211@example.com,8/30/2023,Product_18,Electronics,1004.49
789,2773,84,4,2653,2/23/2022,4354.13,Customer_2653,Giza,customer2653@example.com,3/24/2024,Product_84,Electronics,2027.35
790,1510,65,4,344,8/29/2021,4597.5,Customer_344,Tanta,customer344@example.com,8/10/2020,Product_65,Clothing,3948.51
791,1769,27,2,2180,3/20/2022,7262.71,Customer_2180,Mansoura,customer2180@example.com,4/19/2021,Product_27,Books,2083.82
792,4396,85,4,327,10/20/2023,1183.34,Customer_327,Giza,customer327@example.com,8/5/2022,Product_85,Clothing,1711.88
793,1911,37,4,1810,9/25/2021,9377.18,Customer_1810,Alexandria,customer1810@example.com,10/19/2024,Product_37,Clothing,3357.82
794,4978,49,4,2673,4/20/2024,9147.44,Customer_2673,Alexandria,customer2673@example.com,8/5/2021,Product_49,Electronics,2487.22
795,2936,11,4,1467,10/8/2022,310.84,Customer_1467,Tanta,customer1467@example.com,9/27/2021,Product_11,Books,4911.93
796,2908,100,1,1670,4/18/2022,4283.92,Customer_1670,Mansoura,customer1670@example.com,3/5/2020,Product_100,Electronics,3739.43
797,2335,57,5,1557,6/26/2022,7527.58,Customer_1557,Giza,customer1557@example.com,1/16/2023,Product_57,Books,2330.41
798,4772,23,2,456,5/7/2024,6838.41,Customer_456,Giza,customer456@example.com,3/12/2025,Product_23,Food,3477.2
799,1743,42,4,822,1/11/2024,4997.7,Customer_822,Alexandria,customer822@example.com,8/20/2023,Product_42,Books,4962.04
800,2348,79,5,186,7/31/2024,2060.91,Customer_186,Giza,customer186@example.com,4/3/2021,Product_79,Electronics,3626.75
801,2470,78,2,435,12/30/2022,556.1,Customer_435,Tanta,customer435@example.com,3/26/2020,Product_78,Clothing,500.25
802,249,15,3,242,3/26/2024,9107.7,Customer_242,Giza,customer242@example.com,4/28/2023,Product_15,Food,4986.15
803,89,96,4,964,7/15/2022,5607.17,Customer_964,Mansoura,customer964@example.com,2/26/2021,Product_96,Food,2091.27
804,4226,29,4,1153,1/4/2025,5000.99,Customer_1153,Giza,customer1153@example.com,8/27/2022,Product_29,Electronics,4798.18
805,494,84,4,1083,9/19/2023,1856.18,Customer_1083,Giza,customer1083@example.com,6/14/2022,Product_84,Electronics,2027.35
806,2689,1,2,594,7/4/2022,8816.79,Customer_594,Cairo,customer594@example.com,7/20/2021,Product_1,Electronics,213.03
807,4113,24,1,2475,1/12/2024,506.73,Customer_2475,Mansoura,customer2475@example.com,7/1/2020,Product_24,Books,143.69
808,4064,53,5,1604,1/31/2025,621.69,Customer_1604,Giza,customer1604@example.com,5/18/2024,Product_53,Food,3135.69
809,1868,34,3,2824,1/4/2022,9748.64,Customer_2824,Alexandria,customer2824@example.com,7/16/2024,Product_34,Clothing,4372.79
810,2683,6,2,2661,12/20/2021,954.91,Customer_2661,Mansoura,customer2661@example.com,12/27/2021,Product_6,Clothing,2452.37
811,1449,71,5,2684,2/9/2021,2095.15,Customer_2684,Alexandria,customer2684@example.com,5/27/2023,Product_71,Food,2771.35
812,1817,56,3,145,7/28/2021,8756.41,Customer_145,Alexandria,customer145@example.com,6/12/2025,Product_56,Clothing,3991.47
813,4504,5,3,2786,2/10/2024,7173.67,Customer_2786,Tanta,customer2786@example.com,5/21/2022,Product_5,Electronics,3605.83
814,4844,2,1,1647,7/27/2024,6663.11,Customer_1647,Mansoura,customer1647@example.com,6/5/2021,Product_2,Clothing,3751.87
815,1320,72,2,560,10/15/2021,5871.59,Customer_560,Mansoura,customer560@example.com,10/21/2024,Product_72,Books,3410.88
816,1279,51,1,797,1/19/2022,3390,Customer_797,Alexandria,customer797@example.com,3/28/2022,Product_51,Clothing,743.17
817,3229,95,1,2607,6/22/2024,6716.13,Customer_2607,Alexandria,customer2607@example.com,8/12/2023,Product_95,Clothing,329.17
818,582,42,5,2444,11/28/2024,9319.62,Customer_2444,Giza,customer2444@example.com,8/26/2022,Product_42,Books,4962.04
819,2234,58,5,383,3/4/2021,5758.49,Customer_383,Alexandria,customer383@example.com,12/13/2020,Product_58,Clothing,362.65
820,39,50,1,56,4/8/2022,5973.06,Customer_56,Mansoura,customer56@example.com,10/8/2022,Product_50,Food,3820.03
821,2851,58,2,943,9/2/2021,9184.04,Customer_943,Alexandria,customer943@example.com,7/11/2024,Product_58,Clothing,362.65
822,1545,79,4,663,1/30/2024,6377.84,Customer_663,Alexandria,customer663@example.com,10/5/2022,Product_79,Electronics,3626.75
823,2090,87,4,349,10/10/2022,8333.77,Customer_349,Alexandria,customer349@example.com,3/1/2021,Product_87,Food,3831.9
824,4219,36,2,2881,7/21/2021,7320.33,Customer_2881,Mansoura,customer2881@example.com,3/10/2021,Product_36,Books,435.47
825,4529,40,2,1188,9/29/2022,7884.09,Customer_1188,Tanta,customer1188@example.com,1/4/2020,Product_40,Electronics,2551.49
826,3767,14,5,2802,1/19/2022,4323.45,Customer_2802,Mansoura,customer2802@example.com,8/4/2023,Product_14,Clothing,1343.5
827,4085,44,2,888,11/16/2023,9042.33,Customer_888,Tanta,customer888@example.com,4/27/2020,Product_44,Books,1374.68
828,2422,34,1,1258,12/28/2024,7390.37,Customer_1258,Alexandria,customer1258@example.com,11/27/2022,Product_34,Clothing,4372.79
829,1411,47,1,2161,11/16/2024,2936.83,Customer_2161,Mansoura,customer2161@example.com,11/29/2022,Product_47,Electronics,3315.91
830,4648,71,4,526,5/2/2024,994.67,Customer_526,Mansoura,customer526@example.com,10/16/2020,Product_71,Food,2771.35
831,2307,56,1,1143,4/15/2023,2406.05,Customer_1143,Tanta,customer1143@example.com,3/31/2020,Product_56,Clothing,3991.47
832,578,65,4,2238,4/8/2021,1826.36,Customer_2238,Giza,customer2238@example.com,6/2/2024,Product_65,Clothing,3948.51
833,2072,36,5,1602,5/17/2024,3820.75,Customer_1602,Mansoura,customer1602@example.com,1/18/2022,Product_36,Books,435.47
834,4911,50,1,504,1/14/2025,9229.99,Customer_504,Alexandria,customer504@example.com,11/1/2021,Product_50,Food,3820.03
835,4670,23,2,1376,6/10/2022,8445.98,Customer_1376,Tanta,customer1376@example.com,8/10/2020,Product_23,Food,3477.2
836,1136,29,2,1624,1/30/2024,2625.68,Customer_1624,Giza,customer1624@example.com,11/9/2022,Product_29,Electronics,4798.18
837,2455,14,1,1243,12/4/2022,484.08,Customer_1243,Giza,customer1243@example.com,11/3/2024,Product_14,Clothing,1343.5
838,4022,77,1,1252,1/18/2023,2134.09,Customer_1252,Tanta,customer1252@example.com,8/21/2024,Product_77,Food,4530.49
839,1705,27,2,960,5/20/2024,4720.01,Customer_960,Giza,customer960@example.com,5/13/2022,Product_27,Books,2083.82
840,3321,86,3,2362,11/21/2023,3637.7,Customer_2362,Cairo,customer2362@example.com,8/29/2023,Product_86,Clothing,2017.27
841,4959,82,4,610,8/16/2024,5605.1,Customer_610,Mansoura,customer610@example.com,8/15/2023,Product_82,Books,4288.29
842,2706,52,4,2169,7/31/2022,3281.27,Customer_2169,Tanta,customer2169@example.com,4/23/2024,Product_52,Electronics,3840.32
843,3538,96,2,788,9/26/2024,4206.31,Customer_788,Cairo,customer788@example.com,5/19/2025,Product_96,Food,2091.27
844,2281,81,4,2254,1/31/2022,3997.05,Customer_2254,Cairo,customer2254@example.com,8/11/2023,Product_81,Electronics,1778.51
845,4620,86,5,1938,1/9/2025,3002.98,Customer_1938,Cairo,customer1938@example.com,3/3/2022,Product_86,Clothing,2017.27
846,1463,71,5,2275,9/2/2021,8879.94,Customer_2275,Mansoura,customer2275@example.com,5/4/2023,Product_71,Food,2771.35
847,105,36,2,38,3/3/2022,3990.05,Customer_38,Alexandria,customer38@example.com,5/28/2021,Product_36,Books,435.47
848,2467,39,5,1050,10/22/2024,6750.12,Customer_1050,Alexandria,customer1050@example.com,5/5/2024,Product_39,Clothing,3859.21
849,4167,97,5,394,6/25/2023,7236.06,Customer_394,Alexandria,customer394@example.com,5/27/2023,Product_97,Clothing,4099.86
850,1805,27,3,1176,8/26/2021,2698.33,Customer_1176,Cairo,customer1176@example.com,11/2/2023,Product_27,Books,2083.82
851,1269,88,4,155,11/30/2021,2103.07,Customer_155,Alexandria,customer155@example.com,11/27/2023,Product_88,Electronics,4918.9
852,3324,25,4,1170,7/6/2023,7016.98,Customer_1170,Mansoura,customer1170@example.com,7/17/2024,Product_25,Food,1357.47
853,1540,99,3,2294,9/7/2021,898.16,Customer_2294,Alexandria,customer2294@example.com,9/6/2024,Product_99,Food,1026.63
854,4745,90,2,726,4/9/2021,156.37,Customer_726,Mansoura,customer726@example.com,7/21/2024,Product_90,Electronics,4526.98
855,3915,35,5,2594,5/12/2021,8765.6,Customer_2594,Cairo,customer2594@example.com,3/5/2023,Product_35,Electronics,4514.18
856,4162,53,4,1593,1/5/2024,9851.49,Customer_1593,Cairo,customer1593@example.com,5/2/2020,Product_53,Food,3135.69
857,4867,91,5,143,7/19/2021,306.77,Customer_143,Mansoura,customer143@example.com,7/26/2021,Product_91,Food,1957.69
858,3079,76,5,883,7/7/2024,3491.05,Customer_883,Cairo,customer883@example.com,11/10/2022,Product_76,Food,3766.34
859,1070,66,3,1954,9/15/2024,4952.85,Customer_1954,Mansoura,customer1954@example.com,1/12/2023,Product_66,Electronics,1025.97
860,3742,85,4,1598,6/10/2022,4852.44,Customer_1598,Mansoura,customer1598@example.com,11/26/2023,Product_85,Clothing,1711.88
861,4930,29,4,1417,10/2/2024,8350.88,Customer_1417,Tanta,customer1417@example.com,4/3/2023,Product_29,Electronics,4798.18
862,4053,94,2,819,6/2/2024,2180.63,Customer_819,Cairo,customer819@example.com,5/20/2025,Product_94,Books,2732.33
863,4098,53,2,1988,8/5/2023,192.36,Customer_1988,Cairo,customer1988@example.com,1/18/2025,Product_53,Food,3135.69
864,2723,100,1,1825,6/23/2024,8555.57,Customer_1825,Alexandria,customer1825@example.com,7/22/2024,Product_100,Electronics,3739.43
865,4464,9,3,2813,4/9/2023,7380.85,Customer_2813,Giza,customer2813@example.com,2/4/2022,Product_9,Food,3000.69
866,53,66,2,2636,1/20/2024,1401.78,Customer_2636,Mansoura,customer2636@example.com,6/6/2021,Product_66,Electronics,1025.97
867,290,20,5,1545,2/24/2021,6190.94,Customer_1545,Giza,customer1545@example.com,2/22/2022,Product_20,Books,3971.54
868,2004,5,5,2850,5/19/2024,5615.42,Customer_2850,Mansoura,customer2850@example.com,8/23/2024,Product_5,Electronics,3605.83
869,1539,27,4,768,12/27/2021,352.54,Customer_768,Alexandria,customer768@example.com,4/2/2020,Product_27,Books,2083.82
870,4553,59,2,896,5/30/2024,1115.91,Customer_896,Cairo,customer896@example.com,3/13/2024,Product_59,Books,4667.97
871,2820,88,1,5,9/16/2021,4500.96,Customer_5,Alexandria,customer5@example.com,10/26/2020,Product_88,Electronics,4918.9
872,51,26,5,538,7/6/2021,6086.71,Customer_538,Mansoura,customer538@example.com,9/11/2023,Product_26,Food,3971.55
873,4473,35,5,2629,3/26/2024,9830.18,Customer_2629,Tanta,customer2629@example.com,1/9/2024,Product_35,Electronics,4514.18
874,107,32,5,2453,9/29/2021,341.63,Customer_2453,Alexandria,customer2453@example.com,5/8/2025,Product_32,Clothing,612.61
875,706,54,5,439,8/5/2023,1156.86,Customer_439,Mansoura,customer439@example.com,4/19/2025,Product_54,Clothing,1537.55
876,1897,12,3,1003,12/28/2022,6219.82,Customer_1003,Giza,customer1003@example.com,9/8/2022,Product_12,Electronics,1616.26
877,4078,16,5,1563,11/15/2021,2203.99,Customer_1563,Alexandria,customer1563@example.com,5/15/2021,Product_16,Books,2927.96
878,4736,30,5,1666,4/3/2022,8002.17,Customer_1666,Alexandria,customer1666@example.com,10/14/2024,Product_30,Food,1100.71
879,232,62,3,2523,3/21/2023,355.16,Customer_2523,Giza,customer2523@example.com,3/22/2021,Product_62,Books,3842.23
880,2084,98,1,184,4/3/2022,2276.27,Customer_184,Alexandria,customer184@example.com,11/2/2023,Product_98,Clothing,76.04
881,2847,71,5,1946,5/1/2023,1642.46,Customer_1946,Cairo,customer1946@example.com,2/14/2022,Product_71,Food,2771.35
882,1254,64,3,2661,4/25/2024,9827.01,Customer_2661,Mansoura,customer2661@example.com,12/27/2021,Product_64,Clothing,702.02
883,3525,91,4,2994,1/21/2022,4042.88,Customer_2994,Mansoura,customer2994@example.com,8/3/2022,Product_91,Food,1957.69
884,179,58,3,383,4/22/2024,946.06,Customer_383,Alexandria,customer383@example.com,12/13/2020,Product_58,Clothing,362.65
885,1341,81,5,2817,4/22/2023,2579.18,Customer_2817,Mansoura,customer2817@example.com,12/12/2022,Product_81,Electronics,1778.51
886,3737,66,2,2459,11/7/2024,1492.75,Customer_2459,Giza,customer2459@example.com,8/28/2023,Product_66,Electronics,1025.97
887,2690,52,3,1412,6/17/2024,9115.42,Customer_1412,Tanta,customer1412@example.com,7/10/2022,Product_52,Electronics,3840.32
888,1490,67,5,361,9/20/2021,477.29,Customer_361,Tanta,customer361@example.com,4/21/2022,Product_67,Books,572.57
889,3710,48,4,1998,6/21/2024,3977.19,Customer_1998,Cairo,customer1998@example.com,4/30/2022,Product_48,Food,1377.81
890,3874,73,4,1820,12/10/2024,8648,Customer_1820,Alexandria,customer1820@example.com,6/20/2025,Product_73,Food,4973.65
891,3035,68,3,88,6/27/2022,7941.51,Customer_88,Cairo,customer88@example.com,7/25/2021,Product_68,Books,2107.14
892,2026,11,1,2447,10/5/2024,1670.58,Customer_2447,Alexandria,customer2447@example.com,2/7/2024,Product_11,Books,4911.93
893,3804,24,1,259,2/23/2023,4410.92,Customer_259,Mansoura,customer259@example.com,11/15/2022,Product_24,Books,143.69
894,2067,45,1,469,4/13/2022,2876.45,Customer_469,Cairo,customer469@example.com,4/22/2022,Product_45,Electronics,1533.97
895,3030,48,4,576,1/26/2024,719.5,Customer_576,Mansoura,customer576@example.com,9/25/2021,Product_48,Food,1377.81
896,3159,66,4,2108,5/1/2022,1330.77,Customer_2108,Giza,customer2108@example.com,9/12/2022,Product_66,Electronics,1025.97
897,2054,72,5,1926,7/25/2022,2251.47,Customer_1926,Giza,customer1926@example.com,7/3/2024,Product_72,Books,3410.88
898,3582,1,3,842,1/10/2024,5776.84,Customer_842,Alexandria,customer842@example.com,11/13/2023,Product_1,Electronics,213.03
899,965,68,3,602,1/29/2024,5131.57,Customer_602,Mansoura,customer602@example.com,7/30/2020,Product_68,Books,2107.14
900,2759,46,4,1115,6/25/2021,7265.08,Customer_1115,Cairo,customer1115@example.com,7/20/2022,Product_46,Books,4701.18
901,2669,43,3,746,1/11/2021,5391.21,Customer_746,Mansoura,customer746@example.com,4/25/2022,Product_43,Electronics,4285.71
902,1450,49,2,1830,11/5/2022,2793.18,Customer_1830,Alexandria,customer1830@example.com,2/28/2021,Product_49,Electronics,2487.22
903,1203,61,4,851,4/4/2023,9105.37,Customer_851,Cairo,customer851@example.com,5/20/2022,Product_61,Clothing,4887.51
904,823,85,3,1336,11/11/2024,118.18,Customer_1336,Giza,customer1336@example.com,8/20/2023,Product_85,Clothing,1711.88
905,3473,29,5,197,10/21/2021,7748.37,Customer_197,Giza,customer197@example.com,6/29/2020,Product_29,Electronics,4798.18
906,4041,4,3,1882,7/5/2024,7879.01,Customer_1882,Alexandria,customer1882@example.com,7/24/2022,Product_4,Books,4854.34
907,1651,25,2,1582,7/23/2023,2229.84,Customer_1582,Cairo,customer1582@example.com,11/10/2020,Product_25,Food,1357.47
908,4021,87,1,478,10/7/2022,2702.57,Customer_478,Giza,customer478@example.com,4/10/2025,Product_87,Food,3831.9
909,4808,20,5,1773,12/11/2024,5010.49,Customer_1773,Giza,customer1773@example.com,4/28/2021,Product_20,Books,3971.54
910,4440,7,2,448,5/12/2023,1506.52,Customer_448,Alexandria,customer448@example.com,9/22/2023,Product_7,Food,592
911,39,69,2,56,4/8/2022,5973.06,Customer_56,Mansoura,customer56@example.com,10/8/2022,Product_69,Books,3830.58
912,585,48,5,1847,3/2/2022,3386.82,Customer_1847,Alexandria,customer1847@example.com,2/10/2024,Product_48,Food,1377.81
913,840,69,4,2187,12/8/2024,7484.32,Customer_2187,Cairo,customer2187@example.com,5/26/2024,Product_69,Books,3830.58
914,1519,77,1,1337,3/16/2022,3814.79,Customer_1337,Cairo,customer1337@example.com,5/28/2023,Product_77,Food,4530.49
915,2336,9,1,324,7/15/2023,6064.53,Customer_324,Alexandria,customer324@example.com,5/10/2020,Product_9,Food,3000.69
916,4122,80,2,2583,12/13/2023,6022.23,Customer_2583,Cairo,customer2583@example.com,3/13/2025,Product_80,Books,1059.08
917,3000,8,1,531,2/24/2023,516.78,Customer_531,Cairo,customer531@example.com,7/19/2023,Product_8,Clothing,1366.58
918,2141,26,3,2286,9/3/2022,9421.79,Customer_2286,Alexandria,customer2286@example.com,6/27/2022,Product_26,Food,3971.55
919,3879,8,3,2847,5/1/2023,2177.65,Customer_2847,Alexandria,customer2847@example.com,1/9/2024,Product_8,Clothing,1366.58
920,3921,99,4,886,1/27/2022,7761.75,Customer_886,Giza,customer886@example.com,2/13/2024,Product_99,Food,1026.63
921,1984,85,3,2497,4/17/2023,4027.92,Customer_2497,Mansoura,customer2497@example.com,2/14/2020,Product_85,Clothing,1711.88
922,3099,7,5,377,6/15/2023,4300.58,Customer_377,Tanta,customer377@example.com,8/2/2022,Product_7,Food,592
923,1810,69,3,382,12/20/2021,8366.62,Customer_382,Mansoura,customer382@example.com,2/20/2021,Product_69,Books,3830.58
924,3382,42,3,662,5/16/2023,780.99,Customer_662,Alexandria,customer662@example.com,6/8/2025,Product_42,Books,4962.04
925,2527,86,4,1276,9/14/2024,5676.22,Customer_1276,Tanta,customer1276@example.com,5/18/2023,Product_86,Clothing,2017.27
926,2892,10,4,1939,4/2/2023,1005.07,Customer_1939,Alexandria,customer1939@example.com,10/28/2023,Product_10,Food,4759.39
927,1297,4,4,1675,8/16/2022,480.44,Customer_1675,Tanta,customer1675@example.com,1/15/2022,Product_4,Books,4854.34
928,93,58,1,636,8/19/2022,2178.37,Customer_636,Tanta,customer636@example.com,4/15/2023,Product_58,Clothing,362.65
929,1996,88,1,1100,11/5/2024,8210.45,Customer_1100,Cairo,customer1100@example.com,5/2/2025,Product_88,Electronics,4918.9
930,3397,19,3,1374,10/3/2022,1339.7,Customer_1374,Mansoura,customer1374@example.com,7/2/2021,Product_19,Clothing,4776.48
931,4377,29,3,452,2/19/2021,6020.66,Customer_452,Mansoura,customer452@example.com,7/14/2022,Product_29,Electronics,4798.18
932,1695,11,5,365,9/16/2022,9206.8,Customer_365,Giza,customer365@example.com,1/24/2025,Product_11,Books,4911.93
933,426,16,5,1889,11/30/2022,9052.53,Customer_1889,Alexandria,customer1889@example.com,1/16/2023,Product_16,Books,2927.96
934,3696,80,2,2869,10/19/2022,4619.82,Customer_2869,Mansoura,customer2869@example.com,7/21/2024,Product_80,Books,1059.08
935,48,26,2,1411,6/18/2024,185.15,Customer_1411,Giza,customer1411@example.com,4/8/2022,Product_26,Food,3971.55
936,4461,50,3,1682,8/2/2021,9343.34,Customer_1682,Tanta,customer1682@example.com,8/5/2021,Product_50,Food,3820.03
937,3104,68,5,2213,7/8/2022,4731.45,Customer_2213,Alexandria,customer2213@example.com,4/27/2021,Product_68,Books,2107.14
938,4772,80,1,456,5/7/2024,6838.41,Customer_456,Giza,customer456@example.com,3/12/2025,Product_80,Books,1059.08
939,566,92,1,283,11/7/2024,3836.93,Customer_283,Cairo,customer283@example.com,2/28/2021,Product_92,Food,4734.4
940,2059,32,5,1388,11/11/2023,8544.64,Customer_1388,Giza,customer1388@example.com,6/8/2023,Product_32,Clothing,612.61
941,459,71,2,1669,1/16/2021,6458.5,Customer_1669,Mansoura,customer1669@example.com,6/24/2022,Product_71,Food,2771.35
942,1474,26,4,1165,7/9/2022,6266.08,Customer_1165,Tanta,customer1165@example.com,2/15/2025,Product_26,Food,3971.55
943,1333,55,2,133,2/15/2024,1010.69,Customer_133,Giza,customer133@example.com,1/9/2023,Product_55,Food,1039.6
944,4811,66,2,604,4/2/2021,8619.6,Customer_604,Alexandria,customer604@example.com,7/22/2022,Product_66,Electronics,1025.97
945,3071,50,4,1151,9/15/2021,8879.99,Customer_1151,Alexandria,customer1151@example.com,2/22/2023,Product_50,Food,3820.03
946,4034,48,1,2001,1/3/2021,7154.94,Customer_2001,Giza,customer2001@example.com,5/28/2023,Product_48,Food,1377.81
947,4096,61,3,1040,8/7/2022,9713.11,Customer_1040,Mansoura,customer1040@example.com,4/19/2023,Product_61,Clothing,4887.51
948,2495,44,1,2860,10/12/2023,2360.26,Customer_2860,Alexandria,customer2860@example.com,2/6/2024,Product_44,Books,1374.68
949,3677,86,1,1757,3/16/2023,5582.69,Customer_1757,Giza,customer1757@example.com,5/29/2020,Product_86,Clothing,2017.27
950,1572,72,5,2793,8/18/2021,1400.93,Customer_2793,Mansoura,customer2793@example.com,12/1/2020,Product_72,Books,3410.88
951,1684,46,3,1908,4/12/2021,5078.93,Customer_1908,Alexandria,customer1908@example.com,7/23/2022,Product_46,Books,4701.18
952,107,70,5,2453,9/29/2021,341.63,Customer_2453,Alexandria,customer2453@example.com,5/8/2025,Product_70,Electronics,2993.19
953,4647,65,4,1531,7/19/2021,1798.18,Customer_1531,Giza,customer1531@example.com,7/1/2023,Product_65,Clothing,3948.51
954,2778,47,2,2105,12/6/2021,2559.57,Customer_2105,Tanta,customer2105@example.com,11/8/2021,Product_47,Electronics,3315.91
955,4336,98,5,2823,3/18/2021,563.67,Customer_2823,Alexandria,customer2823@example.com,10/15/2020,Product_98,Clothing,76.04
956,2316,93,1,850,10/9/2022,5305.14,Customer_850,Alexandria,customer850@example.com,12/1/2024,Product_93,Food,400.32
957,1601,24,5,168,1/10/2023,9402.38,Customer_168,Giza,customer168@example.com,5/9/2022,Product_24,Books,143.69
958,4001,52,5,185,9/25/2021,6436.93,Customer_185,Alexandria,customer185@example.com,5/3/2020,Product_52,Electronics,3840.32
959,3234,14,2,2175,12/28/2023,4487.34,Customer_2175,Alexandria,customer2175@example.com,6/18/2021,Product_14,Clothing,1343.5
960,2180,62,4,536,11/27/2021,3752.89,Customer_536,Alexandria,customer536@example.com,11/14/2021,Product_62,Books,3842.23
961,3187,52,3,1963,2/28/2023,2524.29,Customer_1963,Cairo,customer1963@example.com,3/17/2024,Product_52,Electronics,3840.32
962,3875,87,5,2285,7/30/2023,1151.34,Customer_2285,Giza,customer2285@example.com,12/15/2023,Product_87,Food,3831.9
963,4752,28,2,713,8/4/2024,4174.44,Customer_713,Alexandria,customer713@example.com,3/25/2021,Product_28,Clothing,3000.39
964,3704,86,3,2356,3/5/2024,2467.93,Customer_2356,Mansoura,customer2356@example.com,1/4/2022,Product_86,Clothing,2017.27
965,3810,20,1,2260,11/12/2022,186.99,Customer_2260,Giza,customer2260@example.com,10/3/2020,Product_20,Books,3971.54
966,4184,29,1,2944,10/20/2021,9785.99,Customer_2944,Mansoura,customer2944@example.com,11/5/2023,Product_29,Electronics,4798.18
967,3996,58,5,2462,8/26/2021,8200.5,Customer_2462,Tanta,customer2462@example.com,2/6/2024,Product_58,Clothing,362.65
968,3713,73,5,1299,3/15/2024,1264.06,Customer_1299,Cairo,customer1299@example.com,6/12/2023,Product_73,Food,4973.65
969,3033,49,2,903,11/13/2021,1103.23,Customer_903,Cairo,customer903@example.com,1/21/2023,Product_49,Electronics,2487.22
970,916,11,1,2161,1/10/2022,3109.9,Customer_2161,Mansoura,customer2161@example.com,11/29/2022,Product_11,Books,4911.93
971,3511,30,1,480,10/1/2023,2835.43,Customer_480,Cairo,customer480@example.com,8/28/2024,Product_30,Food,1100.71
972,3150,85,3,2576,12/9/2022,1768.93,Customer_2576,Cairo,customer2576@example.com,2/23/2024,Product_85,Clothing,1711.88
973,2960,10,3,1567,5/24/2023,6409.57,Customer_1567,Tanta,customer1567@example.com,7/10/2020,Product_10,Food,4759.39
974,2906,28,4,2084,4/8/2022,9589.38,Customer_2084,Tanta,customer2084@example.com,11/24/2021,Product_28,Clothing,3000.39
975,1112,18,5,334,6/5/2023,6488.74,Customer_334,Cairo,customer334@example.com,6/11/2023,Product_18,Electronics,1004.49
976,3539,40,3,2698,11/26/2022,3428.63,Customer_2698,Cairo,customer2698@example.com,5/16/2021,Product_40,Electronics,2551.49
977,1501,70,5,2145,8/6/2022,5540.04,Customer_2145,Giza,customer2145@example.com,3/12/2022,Product_70,Electronics,2993.19
978,3422,78,4,2826,5/16/2024,2657.85,Customer_2826,Giza,customer2826@example.com,5/24/2025,Product_78,Clothing,500.25
979,1973,84,3,1156,2/1/2022,3173.26,Customer_1156,Alexandria,customer1156@example.com,9/23/2022,Product_84,Electronics,2027.35
980,3323,9,3,2908,12/27/2021,6374.3,Customer_2908,Cairo,customer2908@example.com,6/12/2021,Product_9,Food,3000.69
981,560,90,4,2423,1/4/2025,1272.81,Customer_2423,Tanta,customer2423@example.com,6/8/2023,Product_90,Electronics,4526.98
982,839,75,2,1485,5/26/2021,2009.15,Customer_1485,Tanta,customer1485@example.com,5/27/2023,Product_75,Electronics,1101.96
983,701,29,4,607,5/26/2023,4406.16,Customer_607,Tanta,customer607@example.com,4/18/2024,Product_29,Electronics,4798.18
984,229,63,4,2366,11/30/2022,681.23,Customer_2366,Mansoura,customer2366@example.com,1/4/2025,Product_63,Food,4448.47
985,2541,99,4,854,1/29/2023,8410.87,Customer_854,Alexandria,customer854@example.com,5/1/2023,Product_99,Food,1026.63
986,1039,6,4,2096,6/3/2024,681.97,Customer_2096,Tanta,customer2096@example.com,3/18/2025,Product_6,Clothing,2452.37
987,4163,95,3,2841,12/4/2023,4531.46,Customer_2841,Giza,customer2841@example.com,3/2/2025,Product_95,Clothing,329.17
988,2298,79,5,1718,8/9/2021,5485,Customer_1718,Alexandria,customer1718@example.com,5/19/2024,Product_79,Electronics,3626.75
989,3671,57,3,1791,8/23/2022,6020.54,Customer_1791,Giza,customer1791@example.com,5/27/2021,Product_57,Books,2330.41
990,3351,89,3,404,10/1/2022,8960.92,Customer_404,Cairo,customer404@example.com,1/28/2020,Product_89,Electronics,3701.86
991,674,54,1,2171,9/12/2021,6607.06,Customer_2171,Tanta,customer2171@example.com,11/8/2022,Product_54,Clothing,1537.55
992,858,94,4,1067,2/5/2024,6049.69,Customer_1067,Cairo,customer1067@example.com,3/4/2025,Product_94,Books,2732.33
993,1713,7,1,2092,1/6/2024,4199.58,Customer_2092,Giza,customer2092@example.com,1/14/2024,Product_7,Food,592
994,2139,68,5,2623,11/21/2024,7713.76,Customer_2623,Giza,customer2623@example.com,3/28/2022,Product_68,Books,2107.14
995,3428,66,3,2279,6/20/2022,2038.39,Customer_2279,Tanta,customer2279@example.com,6/12/2022,Product_66,Electronics,1025.97
996,2621,14,3,1157,6/24/2023,6591.65,Customer_1157,Cairo,customer1157@example.com,5/25/2022,Product_14,Clothing,1343.5
997,3547,16,4,1517,9/5/2022,9522.68,Customer_1517,Mansoura,customer1517@example.com,9/16/2022,Product_16,Books,2927.96
998,4485,4,1,33,2/24/2024,166.79,Customer_33,Tanta,customer33@example.com,4/22/2020,Product_4,Books,4854.34
999,4456,92,1,592,4/16/2022,8389.04,Customer_592,Mansoura,customer592@example.com,3/20/2021,Product_92,Food,4734.4
1000,328,43,4,1593,7/30/2021,3557.97,Customer_1593,Cairo,customer1593@example.com,5/2/2020,Product_43,Electronics,4285.71
1001,186,64,4,785,10/1/2024,1490.03,Customer_785,Alexandria,customer785@example.com,3/21/2023,Product_64,Clothing,702.02
1002,3324,61,1,1170,7/6/2023,7016.98,Customer_1170,Mansoura,customer1170@example.com,7/17/2024,Product_61,Clothing,4887.51
1003,157,83,4,113,3/17/2024,2960.09,Customer_113,Tanta,customer113@example.com,6/13/2021,Product_83,Electronics,4886.44
1004,450,95,2,1900,3/1/2021,4622.89,Customer_1900,Alexandria,customer1900@example.com,3/30/2022,Product_95,Clothing,329.17
1005,3102,71,3,2958,12/25/2022,9137.06,Customer_2958,Giza,customer2958@example.com,3/22/2025,Product_71,Food,2771.35
1006,2032,35,2,1703,11/2/2024,9237.87,Customer_1703,Cairo,customer1703@example.com,12/23/2023,Product_35,Electronics,4514.18
1007,308,45,2,1534,2/16/2024,2995.09,Customer_1534,Cairo,customer1534@example.com,5/26/2023,Product_45,Electronics,1533.97
1008,4370,63,1,1705,6/29/2021,5009.98,Customer_1705,Mansoura,customer1705@example.com,6/8/2024,Product_63,Food,4448.47
1009,2333,79,5,2410,12/21/2021,5342.07,Customer_2410,Cairo,customer2410@example.com,9/5/2021,Product_79,Electronics,3626.75
1010,2310,85,5,828,5/3/2022,1905.65,Customer_828,Mansoura,customer828@example.com,7/16/2020,Product_85,Clothing,1711.88
1011,2995,80,5,424,10/27/2021,8355.84,Customer_424,Cairo,customer424@example.com,4/25/2023,Product_80,Books,1059.08
1012,4385,56,2,1464,8/8/2023,7242.57,Customer_1464,Cairo,customer1464@example.com,7/31/2021,Product_56,Clothing,3991.47
1013,4712,73,4,1016,1/21/2025,1129.27,Customer_1016,Tanta,customer1016@example.com,5/6/2025,Product_73,Food,4973.65
1014,1711,58,3,308,11/6/2024,3517.06,Customer_308,Tanta,customer308@example.com,6/4/2020,Product_58,Clothing,362.65
1015,857,40,2,294,12/12/2024,778.92,Customer_294,Mansoura,customer294@example.com,6/10/2025,Product_40,Electronics,2551.49
1016,204,59,1,1356,3/14/2023,2459.95,Customer_1356,Mansoura,customer1356@example.com,1/5/2021,Product_59,Books,4667.97
1017,4821,41,4,236,4/30/2024,6058.58,Customer_236,Giza,customer236@example.com,12/8/2021,Product_41,Electronics,956.49
1018,2210,70,3,1539,12/2/2024,7077.75,Customer_1539,Giza,customer1539@example.com,9/18/2023,Product_70,Electronics,2993.19
1019,2496,69,3,1236,9/26/2023,9662.04,Customer_1236,Tanta,customer1236@example.com,8/31/2023,Product_69,Books,3830.58
1020,4866,4,5,2540,12/21/2024,8757.93,Customer_2540,Alexandria,customer2540@example.com,3/28/2022,Product_4,Books,4854.34
1021,4785,67,4,2364,12/17/2024,2936.42,Customer_2364,Alexandria,customer2364@example.com,6/21/2023,Product_67,Books,572.57
1022,1004,9,1,439,8/11/2021,1469.53,Customer_439,Mansoura,customer439@example.com,4/19/2025,Product_9,Food,3000.69
1023,2116,22,2,2933,2/3/2024,9398.38,Customer_2933,Giza,customer2933@example.com,12/23/2020,Product_22,Books,4732.78
1024,2607,93,3,672,6/12/2022,864.13,Customer_672,Tanta,customer672@example.com,5/12/2025,Product_93,Food,400.32
1025,2645,70,5,292,1/24/2022,4680.7,Customer_292,Giza,customer292@example.com,5/29/2020,Product_70,Electronics,2993.19
1026,353,53,4,742,8/18/2024,6599.28,Customer_742,Tanta,customer742@example.com,10/14/2020,Product_53,Food,3135.69
1027,3144,87,3,10,7/23/2023,3473.25,Customer_10,Tanta,customer10@example.com,3/2/2024,Product_87,Food,3831.9
1028,3237,28,1,361,1/26/2024,9249.7,Customer_361,Tanta,customer361@example.com,4/21/2022,Product_28,Clothing,3000.39
1029,1057,29,5,938,11/15/2022,157.04,Customer_938,Mansoura,customer938@example.com,3/2/2020,Product_29,Electronics,4798.18
1030,1216,79,2,697,4/25/2023,5545.97,Customer_697,Alexandria,customer697@example.com,3/28/2022,Product_79,Electronics,3626.75
1031,1834,45,1,953,9/25/2023,9721.86,Customer_953,Alexandria,customer953@example.com,5/24/2021,Product_45,Electronics,1533.97
1032,4296,44,1,1672,2/9/2023,8446.86,Customer_1672,Mansoura,customer1672@example.com,7/9/2020,Product_44,Books,1374.68
1033,2826,17,4,1002,12/2/2023,6537.66,Customer_1002,Giza,customer1002@example.com,9/29/2021,Product_17,Food,1236.08
1034,4302,17,1,2933,9/29/2022,4289.6,Customer_2933,Giza,customer2933@example.com,12/23/2020,Product_17,Food,1236.08
1035,1526,5,2,1877,12/9/2024,7953.74,Customer_1877,Alexandria,customer1877@example.com,6/18/2021,Product_5,Electronics,3605.83
1036,1160,90,5,1915,6/17/2023,1982.03,Customer_1915,Giza,customer1915@example.com,3/4/2023,Product_90,Electronics,4526.98
1037,2187,33,5,1387,10/4/2024,8387.97,Customer_1387,Giza,customer1387@example.com,10/14/2023,Product_33,Books,3039.13
1038,2794,14,2,1214,9/11/2023,7663.01,Customer_1214,Cairo,customer1214@example.com,10/12/2022,Product_14,Clothing,1343.5
1039,1379,62,5,2764,6/14/2023,9393.47,Customer_2764,Giza,customer2764@example.com,9/7/2020,Product_62,Books,3842.23
1040,995,32,5,2419,1/29/2022,567.14,Customer_2419,Cairo,customer2419@example.com,6/9/2024,Product_32,Clothing,612.61
1041,4279,96,3,90,5/10/2023,8315.83,Customer_90,Giza,customer90@example.com,11/8/2020,Product_96,Food,2091.27
1042,4014,74,2,2549,12/13/2024,8675.45,Customer_2549,Cairo,customer2549@example.com,5/19/2020,Product_74,Books,1450.23
1043,1963,85,4,264,6/10/2024,9843.76,Customer_264,Tanta,customer264@example.com,10/30/2024,Product_85,Clothing,1711.88
1044,4310,27,1,1424,9/8/2024,3761.94,Customer_1424,Alexandria,customer1424@example.com,7/17/2020,Product_27,Books,2083.82
1045,2029,86,4,1878,2/19/2022,1190.76,Customer_1878,Giza,customer1878@example.com,1/31/2025,Product_86,Clothing,2017.27
1046,4983,52,3,2247,3/15/2022,5409.13,Customer_2247,Alexandria,customer2247@example.com,1/14/2021,Product_52,Electronics,3840.32
1047,3693,99,1,2755,10/12/2022,7364.09,Customer_2755,Tanta,customer2755@example.com,5/28/2025,Product_99,Food,1026.63
1048,2329,61,2,2024,3/5/2021,2541.22,Customer_2024,Cairo,customer2024@example.com,4/4/2020,Product_61,Clothing,4887.51
1049,4346,9,3,2020,11/3/2023,6756.97,Customer_2020,Alexandria,customer2020@example.com,5/18/2024,Product_9,Food,3000.69
1050,1230,36,4,2071,4/11/2021,2211.69,Customer_2071,Cairo,customer2071@example.com,12/10/2020,Product_36,Books,435.47
1051,3335,27,5,443,4/30/2024,8334.54,Customer_443,Alexandria,customer443@example.com,7/4/2024,Product_27,Books,2083.82
1052,1235,31,3,1168,2/24/2021,3949.89,Customer_1168,Alexandria,customer1168@example.com,6/5/2025,Product_31,Clothing,803.97
1053,4073,28,3,1256,10/9/2023,6527.77,Customer_1256,Alexandria,customer1256@example.com,6/1/2025,Product_28,Clothing,3000.39
1054,2447,34,5,810,12/30/2022,6263.14,Customer_810,Tanta,customer810@example.com,7/9/2022,Product_34,Clothing,4372.79
1055,1501,96,1,2145,8/6/2022,5540.04,Customer_2145,Giza,customer2145@example.com,3/12/2022,Product_96,Food,2091.27
1056,1744,79,1,519,11/27/2023,9254.78,Customer_519,Tanta,customer519@example.com,2/4/2025,Product_79,Electronics,3626.75
1057,945,32,5,1808,1/29/2025,5417.02,Customer_1808,Alexandria,customer1808@example.com,6/11/2024,Product_32,Clothing,612.61
1058,1360,45,2,2274,5/26/2024,1096.54,Customer_2274,Tanta,customer2274@example.com,10/12/2024,Product_45,Electronics,1533.97
1059,2128,26,4,2224,5/16/2023,398.51,Customer_2224,Mansoura,customer2224@example.com,9/12/2022,Product_26,Food,3971.55
1060,4687,50,4,1793,5/25/2022,9650.76,Customer_1793,Cairo,customer1793@example.com,4/8/2025,Product_50,Food,3820.03
1061,4717,57,3,840,8/27/2022,5077.29,Customer_840,Alexandria,customer840@example.com,5/8/2025,Product_57,Books,2330.41
1062,3093,93,5,418,2/7/2021,3069.33,Customer_418,Mansoura,customer418@example.com,8/25/2024,Product_93,Food,400.32
1063,3296,15,1,2486,8/19/2023,7001.41,Customer_2486,Mansoura,customer2486@example.com,9/11/2022,Product_15,Food,4986.15
1064,2975,68,4,2940,6/2/2021,4016.74,Customer_2940,Cairo,customer2940@example.com,7/16/2021,Product_68,Books,2107.14
1065,1631,97,1,1792,3/30/2022,9467.57,Customer_1792,Cairo,customer1792@example.com,5/20/2020,Product_97,Clothing,4099.86
1066,3674,34,3,2524,8/23/2023,582.59,Customer_2524,Cairo,customer2524@example.com,11/19/2024,Product_34,Clothing,4372.79
1067,296,81,1,2128,2/15/2021,9211.32,Customer_2128,Tanta,customer2128@example.com,7/8/2023,Product_81,Electronics,1778.51
1068,4118,87,3,2148,8/2/2024,283.77,Customer_2148,Giza,customer2148@example.com,10/15/2024,Product_87,Food,3831.9
1069,2960,33,4,1567,5/24/2023,6409.57,Customer_1567,Tanta,customer1567@example.com,7/10/2020,Product_33,Books,3039.13
1070,3653,65,1,2162,8/28/2023,7767.25,Customer_2162,Alexandria,customer2162@example.com,6/4/2023,Product_65,Clothing,3948.51
1071,3747,55,5,1446,1/5/2023,6361.71,Customer_1446,Mansoura,customer1446@example.com,1/7/2024,Product_55,Food,1039.6
1072,3412,71,3,2687,3/16/2023,152.72,Customer_2687,Giza,customer2687@example.com,8/11/2020,Product_71,Food,2771.35
1073,4841,77,5,2023,11/5/2022,9413.75,Customer_2023,Tanta,customer2023@example.com,9/20/2023,Product_77,Food,4530.49
1074,360,74,3,2973,11/11/2022,8560.24,Customer_2973,Mansoura,customer2973@example.com,9/28/2024,Product_74,Books,1450.23
1075,2424,96,2,2704,10/5/2023,2672.04,Customer_2704,Mansoura,customer2704@example.com,5/12/2021,Product_96,Food,2091.27
1076,4538,7,5,913,7/18/2021,7163.25,Customer_913,Tanta,customer913@example.com,3/11/2025,Product_7,Food,592
1077,2190,60,3,1056,8/26/2024,5604.45,Customer_1056,Alexandria,customer1056@example.com,6/1/2023,Product_60,Books,3144.78
1078,4036,98,1,139,6/19/2022,2968.19,Customer_139,Alexandria,customer139@example.com,11/2/2021,Product_98,Clothing,76.04
1079,427,96,3,2528,11/4/2024,5676.29,Customer_2528,Giza,customer2528@example.com,4/10/2025,Product_96,Food,2091.27
1080,253,26,1,2984,5/10/2021,7011.84,Customer_2984,Giza,customer2984@example.com,12/30/2021,Product_26,Food,3971.55
1081,1627,48,1,510,9/25/2024,1411.81,Customer_510,Alexandria,customer510@example.com,3/3/2022,Product_48,Food,1377.81
1082,4580,9,2,1240,10/20/2024,2140.69,Customer_1240,Giza,customer1240@example.com,11/16/2023,Product_9,Food,3000.69
1083,1125,30,1,1314,3/5/2023,8433.35,Customer_1314,Alexandria,customer1314@example.com,12/28/2023,Product_30,Food,1100.71
1084,4524,60,4,211,1/24/2023,2348.59,Customer_211,Tanta,customer211@example.com,6/2/2025,Product_60,Books,3144.78
1085,1061,30,2,2648,4/5/2023,366.99,Customer_2648,Tanta,customer2648@example.com,6/1/2021,Product_30,Food,1100.71
1086,4793,45,3,1349,1/18/2024,8159.43,Customer_1349,Giza,customer1349@example.com,4/13/2023,Product_45,Electronics,1533.97
1087,4226,49,5,1153,1/4/2025,5000.99,Customer_1153,Giza,customer1153@example.com,8/27/2022,Product_49,Electronics,2487.22
1088,2941,8,5,343,11/23/2021,5743.38,Customer_343,Cairo,customer343@example.com,3/14/2023,Product_8,Clothing,1366.58
1089,3812,31,4,2823,1/27/2025,4321.78,Customer_2823,Alexandria,customer2823@example.com,10/15/2020,Product_31,Clothing,803.97
1090,1462,79,2,86,7/25/2024,857.57,Customer_86,Mansoura,customer86@example.com,1/25/2022,Product_79,Electronics,3626.75
1091,701,28,4,607,5/26/2023,4406.16,Customer_607,Tanta,customer607@example.com,4/18/2024,Product_28,Clothing,3000.39
1092,3647,89,5,2403,2/20/2023,6429.11,Customer_2403,Tanta,customer2403@example.com,2/20/2024,Product_89,Electronics,3701.86
1093,2765,65,4,2348,10/23/2021,7071.8,Customer_2348,Giza,customer2348@example.com,4/5/2024,Product_65,Clothing,3948.51
1094,4111,43,5,636,4/8/2021,6367.25,Customer_636,Tanta,customer636@example.com,4/15/2023,Product_43,Electronics,4285.71
1095,1906,43,3,2512,12/24/2023,6861.87,Customer_2512,Tanta,customer2512@example.com,5/9/2021,Product_43,Electronics,4285.71
1096,4862,53,2,27,4/5/2021,2463.39,Customer_27,Alexandria,customer27@example.com,7/24/2023,Product_53,Food,3135.69
1097,4818,72,3,2836,2/13/2022,1707.62,Customer_2836,Alexandria,customer2836@example.com,8/18/2023,Product_72,Books,3410.88
1098,2597,52,1,2618,10/28/2022,1808.5,Customer_2618,Giza,customer2618@example.com,4/17/2023,Product_52,Electronics,3840.32
1099,3373,33,3,1556,6/30/2022,6075.84,Customer_1556,Alexandria,customer1556@example.com,6/6/2021,Product_33,Books,3039.13
1100,3228,23,5,1957,8/1/2024,8555.87,Customer_1957,Cairo,customer1957@example.com,2/10/2020,Product_23,Food,3477.2
1101,4547,86,4,2384,6/7/2024,4157.07,Customer_2384,Mansoura,customer2384@example.com,3/1/2025,Product_86,Clothing,2017.27
1102,31,20,1,672,12/5/2022,1427.9,Customer_672,Tanta,customer672@example.com,5/12/2025,Product_20,Books,3971.54
1103,4737,6,4,209,1/14/2022,3898.58,Customer_209,Mansoura,customer209@example.com,4/28/2020,Product_6,Clothing,2452.37
1104,1043,49,2,2930,2/12/2021,5712.41,Customer_2930,Mansoura,customer2930@example.com,5/27/2023,Product_49,Electronics,2487.22
1105,2688,6,5,2279,11/21/2022,4114.45,Customer_2279,Tanta,customer2279@example.com,6/12/2022,Product_6,Clothing,2452.37
1106,1117,46,5,491,1/28/2021,363.47,Customer_491,Mansoura,customer491@example.com,6/24/2022,Product_46,Books,4701.18
1107,301,48,1,325,4/21/2024,9131.1,Customer_325,Giza,customer325@example.com,3/13/2024,Product_48,Food,1377.81
1108,1995,17,5,2079,7/7/2022,6135.65,Customer_2079,Cairo,customer2079@example.com,5/11/2020,Product_17,Food,1236.08
1109,2369,11,2,2685,1/28/2023,4006.78,Customer_2685,Alexandria,customer2685@example.com,11/7/2020,Product_11,Books,4911.93
1110,214,71,3,419,11/25/2024,7938.68,Customer_419,Giza,customer419@example.com,4/1/2022,Product_71,Food,2771.35
1111,4507,58,2,895,1/13/2024,2211.59,Customer_895,Mansoura,customer895@example.com,7/18/2023,Product_58,Clothing,362.65
1112,682,88,1,2863,3/18/2024,3383.33,Customer_2863,Mansoura,customer2863@example.com,3/17/2023,Product_88,Electronics,4918.9
1113,1640,63,2,2793,11/12/2023,6258.04,Customer_2793,Mansoura,customer2793@example.com,12/1/2020,Product_63,Food,4448.47
1114,3025,71,4,2166,12/3/2023,6103.22,Customer_2166,Mansoura,customer2166@example.com,4/24/2024,Product_71,Food,2771.35
1115,333,57,3,2572,1/18/2022,1793.12,Customer_2572,Giza,customer2572@example.com,12/8/2020,Product_57,Books,2330.41
1116,3195,40,3,1189,10/10/2024,2476.48,Customer_1189,Giza,customer1189@example.com,8/31/2022,Product_40,Electronics,2551.49
1117,489,68,5,1300,12/31/2023,6227.33,Customer_1300,Alexandria,customer1300@example.com,4/18/2023,Product_68,Books,2107.14
1118,774,61,3,233,8/11/2024,875.95,Customer_233,Mansoura,customer233@example.com,8/19/2020,Product_61,Clothing,4887.51
1119,1874,25,2,2576,2/18/2024,7487.35,Customer_2576,Cairo,customer2576@example.com,2/23/2024,Product_25,Food,1357.47
1120,4725,27,5,545,1/23/2025,7869.78,Customer_545,Tanta,customer545@example.com,12/11/2022,Product_27,Books,2083.82
1121,3762,21,2,1922,4/30/2021,1153.45,Customer_1922,Mansoura,customer1922@example.com,12/27/2024,Product_21,Electronics,96.34
1122,4262,21,4,1793,1/1/2023,2211.72,Customer_1793,Cairo,customer1793@example.com,4/8/2025,Product_21,Electronics,96.34
1123,4718,17,3,388,7/2/2024,6305.38,Customer_388,Cairo,customer388@example.com,9/25/2020,Product_17,Food,1236.08
1124,3753,29,5,2454,11/21/2024,6092.11,Customer_2454,Cairo,customer2454@example.com,11/21/2023,Product_29,Electronics,4798.18
1125,2192,53,3,1728,1/22/2023,2591.04,Customer_1728,Alexandria,customer1728@example.com,7/3/2022,Product_53,Food,3135.69
1126,2362,28,4,2909,2/17/2022,5172.1,Customer_2909,Alexandria,customer2909@example.com,4/7/2022,Product_28,Clothing,3000.39
1127,4506,88,2,788,1/27/2024,9332.09,Customer_788,Cairo,customer788@example.com,5/19/2025,Product_88,Electronics,4918.9
1128,4021,2,3,478,10/7/2022,2702.57,Customer_478,Giza,customer478@example.com,4/10/2025,Product_2,Clothing,3751.87
1129,2861,59,4,1715,12/20/2021,3934.25,Customer_1715,Tanta,customer1715@example.com,12/27/2024,Product_59,Books,4667.97
1130,3572,7,3,2019,3/21/2021,6022.31,Customer_2019,Tanta,customer2019@example.com,6/20/2022,Product_7,Food,592
1131,1172,37,1,2530,9/23/2022,5591.52,Customer_2530,Giza,customer2530@example.com,9/23/2022,Product_37,Clothing,3357.82
1132,3560,75,2,668,6/20/2021,1414.7,Customer_668,Mansoura,customer668@example.com,3/22/2021,Product_75,Electronics,1101.96
1133,4429,73,2,68,9/14/2024,2631.91,Customer_68,Alexandria,customer68@example.com,8/31/2022,Product_73,Food,4973.65
1134,1529,11,3,1591,12/2/2022,4482.46,Customer_1591,Cairo,customer1591@example.com,2/24/2023,Product_11,Books,4911.93
1135,129,2,5,1640,11/13/2024,7899.39,Customer_1640,Alexandria,customer1640@example.com,9/22/2020,Product_2,Clothing,3751.87
1136,881,2,2,2992,12/3/2024,9213.32,Customer_2992,Tanta,customer2992@example.com,9/17/2020,Product_2,Clothing,3751.87
1137,2818,83,5,1725,2/7/2024,9700.23,Customer_1725,Mansoura,customer1725@example.com,11/30/2023,Product_83,Electronics,4886.44
1138,775,17,1,2994,7/17/2023,8566.23,Customer_2994,Mansoura,customer2994@example.com,8/3/2022,Product_17,Food,1236.08
1139,2887,81,5,319,5/3/2021,4785.14,Customer_319,Cairo,customer319@example.com,6/4/2020,Product_81,Electronics,1778.51
1140,1215,4,4,33,3/31/2022,4833.63,Customer_33,Tanta,customer33@example.com,4/22/2020,Product_4,Books,4854.34
1141,4158,61,1,2197,9/14/2021,7085.81,Customer_2197,Alexandria,customer2197@example.com,12/16/2021,Product_61,Clothing,4887.51
1142,1971,80,1,2477,4/13/2024,8779.48,Customer_2477,Tanta,customer2477@example.com,4/27/2021,Product_80,Books,1059.08
1143,3043,69,4,2887,8/15/2022,6344.06,Customer_2887,Tanta,customer2887@example.com,10/4/2024,Product_69,Books,3830.58
1144,398,58,2,984,1/27/2024,7423.64,Customer_984,Giza,customer984@example.com,4/22/2020,Product_58,Clothing,362.65
1145,4673,81,4,2138,9/5/2024,3679.57,Customer_2138,Alexandria,customer2138@example.com,1/16/2025,Product_81,Electronics,1778.51
1146,1613,50,2,2513,1/6/2021,6526.11,Customer_2513,Mansoura,customer2513@example.com,2/13/2023,Product_50,Food,3820.03
1147,2335,55,5,1557,6/26/2022,7527.58,Customer_1557,Giza,customer1557@example.com,1/16/2023,Product_55,Food,1039.6
1148,500,21,3,2461,5/13/2021,2412.98,Customer_2461,Giza,customer2461@example.com,8/15/2024,Product_21,Electronics,96.34
1149,2396,36,5,2719,7/5/2024,3513.83,Customer_2719,Tanta,customer2719@example.com,10/28/2022,Product_36,Books,435.47
1150,1374,31,4,2296,3/24/2022,9347.16,Customer_2296,Mansoura,customer2296@example.com,8/18/2023,Product_31,Clothing,803.97
1151,2278,62,3,1782,8/19/2021,8874.76,Customer_1782,Alexandria,customer1782@example.com,12/17/2022,Product_62,Books,3842.23
1152,2889,100,3,2105,4/11/2021,8968.87,Customer_2105,Tanta,customer2105@example.com,11/8/2021,Product_100,Electronics,3739.43
1153,773,49,3,1104,12/18/2021,1314.1,Customer_1104,Cairo,customer1104@example.com,7/10/2021,Product_49,Electronics,2487.22
1154,410,14,3,2588,4/2/2023,6323.97,Customer_2588,Alexandria,customer2588@example.com,7/17/2020,Product_14,Clothing,1343.5
1155,2295,41,3,1423,6/15/2023,7798,Customer_1423,Alexandria,customer1423@example.com,4/19/2024,Product_41,Electronics,956.49
1156,2420,66,5,1931,3/24/2024,8279.72,Customer_1931,Mansoura,customer1931@example.com,1/3/2020,Product_66,Electronics,1025.97
1157,1241,1,4,1838,7/31/2024,4128.67,Customer_1838,Giza,customer1838@example.com,5/5/2021,Product_1,Electronics,213.03
1158,3815,32,3,941,12/27/2023,4521.58,Customer_941,Mansoura,customer941@example.com,10/2/2020,Product_32,Clothing,612.61
1159,1366,80,3,1160,2/19/2023,2866.83,Customer_1160,Alexandria,customer1160@example.com,5/2/2025,Product_80,Books,1059.08
1160,432,10,5,114,4/4/2024,7119.52,Customer_114,Mansoura,customer114@example.com,10/18/2023,Product_10,Food,4759.39
1161,2794,43,3,1214,9/11/2023,7663.01,Customer_1214,Cairo,customer1214@example.com,10/12/2022,Product_43,Electronics,4285.71
1162,1697,8,4,133,9/9/2021,6411.42,Customer_133,Giza,customer133@example.com,1/9/2023,Product_8,Clothing,1366.58
1163,3060,33,2,2378,5/14/2022,8695.64,Customer_2378,Giza,customer2378@example.com,5/13/2024,Product_33,Books,3039.13
1164,3471,72,5,2352,9/14/2023,7034.8,Customer_2352,Tanta,customer2352@example.com,8/28/2020,Product_72,Books,3410.88
1165,1290,6,2,1602,7/8/2021,7093.76,Customer_1602,Mansoura,customer1602@example.com,1/18/2022,Product_6,Clothing,2452.37
1166,167,64,3,2760,4/23/2024,4937.35,Customer_2760,Alexandria,customer2760@example.com,5/7/2023,Product_64,Clothing,702.02
1167,3494,67,2,2007,1/14/2021,5964.53,Customer_2007,Cairo,customer2007@example.com,3/4/2020,Product_67,Books,572.57
1168,487,81,3,1079,7/7/2024,4332.3,Customer_1079,Cairo,customer1079@example.com,7/14/2021,Product_81,Electronics,1778.51
1169,2412,87,5,1978,4/7/2022,9505.78,Customer_1978,Mansoura,customer1978@example.com,9/6/2024,Product_87,Food,3831.9
1170,4463,12,5,860,8/19/2023,9725.01,Customer_860,Tanta,customer860@example.com,3/28/2024,Product_12,Electronics,1616.26
1171,2142,25,5,2228,12/27/2024,401.12,Customer_2228,Mansoura,customer2228@example.com,12/19/2021,Product_25,Food,1357.47
1172,663,42,2,2900,6/30/2022,6516.1,Customer_2900,Cairo,customer2900@example.com,4/1/2022,Product_42,Books,4962.04
1173,505,63,5,2020,9/2/2023,7187.46,Customer_2020,Alexandria,customer2020@example.com,5/18/2024,Product_63,Food,4448.47
1174,71,5,2,1077,5/23/2021,1162.9,Customer_1077,Mansoura,customer1077@example.com,7/22/2023,Product_5,Electronics,3605.83
1175,3903,21,4,775,12/18/2024,4608.59,Customer_775,Tanta,customer775@example.com,10/8/2023,Product_21,Electronics,96.34
1176,387,27,4,1805,2/25/2024,6827.04,Customer_1805,Giza,customer1805@example.com,10/30/2021,Product_27,Books,2083.82
1177,3240,30,1,334,6/5/2023,1527.09,Customer_334,Cairo,customer334@example.com,6/11/2023,Product_30,Food,1100.71
1178,3882,49,2,2893,8/31/2021,2882.05,Customer_2893,Giza,customer2893@example.com,5/5/2024,Product_49,Electronics,2487.22
1179,2849,17,5,2210,4/8/2022,2500.49,Customer_2210,Cairo,customer2210@example.com,9/1/2020,Product_17,Food,1236.08
1180,2804,41,3,1129,2/16/2023,4521.49,Customer_1129,Cairo,customer1129@example.com,6/29/2022,Product_41,Electronics,956.49
1181,3622,6,5,1762,1/26/2023,846.62,Customer_1762,Giza,customer1762@example.com,10/31/2021,Product_6,Clothing,2452.37
1182,3242,69,4,690,4/21/2023,1505.24,Customer_690,Mansoura,customer690@example.com,12/1/2024,Product_69,Books,3830.58
1183,4065,21,1,1781,11/3/2021,4117.88,Customer_1781,Alexandria,customer1781@example.com,9/12/2020,Product_21,Electronics,96.34
1184,1342,60,1,702,5/14/2023,7500.35,Customer_702,Tanta,customer702@example.com,4/26/2021,Product_60,Books,3144.78
1185,3975,90,2,1397,6/17/2022,5408.97,Customer_1397,Mansoura,customer1397@example.com,4/23/2023,Product_90,Electronics,4526.98
1186,2249,87,2,183,11/10/2023,592.76,Customer_183,Mansoura,customer183@example.com,12/24/2024,Product_87,Food,3831.9
1187,2781,35,1,2092,10/15/2024,614.59,Customer_2092,Giza,customer2092@example.com,1/14/2024,Product_35,Electronics,4514.18
1188,4325,99,4,2898,7/3/2021,2384.78,Customer_2898,Tanta,customer2898@example.com,5/9/2020,Product_99,Food,1026.63
1189,143,49,3,41,2/8/2022,1890.16,Customer_41,Cairo,customer41@example.com,4/5/2023,Product_49,Electronics,2487.22
1190,2957,94,4,2186,9/16/2024,9034.77,Customer_2186,Cairo,customer2186@example.com,7/14/2021,Product_94,Books,2732.33
1191,2520,75,3,537,2/2/2024,9239.38,Customer_537,Alexandria,customer537@example.com,6/20/2020,Product_75,Electronics,1101.96
1192,880,88,5,2865,10/20/2023,2643.97,Customer_2865,Mansoura,customer2865@example.com,1/31/2021,Product_88,Electronics,4918.9
1193,2772,20,2,1644,4/15/2022,6833.64,Customer_1644,Alexandria,customer1644@example.com,1/10/2021,Product_20,Books,3971.54
1194,187,92,4,1003,1/23/2021,8197.04,Customer_1003,Giza,customer1003@example.com,9/8/2022,Product_92,Food,4734.4
1195,1888,67,5,1255,6/18/2024,2891,Customer_1255,Alexandria,customer1255@example.com,4/1/2023,Product_67,Books,572.57
1196,2997,32,5,1538,11/27/2023,5329.47,Customer_1538,Giza,customer1538@example.com,4/14/2024,Product_32,Clothing,612.61
1197,3927,9,5,1023,11/16/2022,5790.72,Customer_1023,Mansoura,customer1023@example.com,10/22/2023,Product_9,Food,3000.69
1198,1258,21,5,2075,2/8/2025,8622.93,Customer_2075,Cairo,customer2075@example.com,1/9/2025,Product_21,Electronics,96.34
1199,1796,48,5,93,9/3/2023,9733.94,Customer_93,Mansoura,customer93@example.com,4/30/2023,Product_48,Food,1377.81
1200,818,18,4,1088,2/7/2024,1067.44,Customer_1088,Mansoura,customer1088@example.com,10/13/2021,Product_18,Electronics,1004.49
1201,109,12,1,936,4/23/2023,6950.9,Customer_936,Mansoura,customer936@example.com,9/23/2022,Product_12,Electronics,1616.26
1202,2075,83,2,2690,1/5/2024,8521.09,Customer_2690,Giza,customer2690@example.com,1/25/2020,Product_83,Electronics,4886.44
1203,122,82,1,104,4/27/2024,1238.13,Customer_104,Giza,customer104@example.com,3/15/2024,Product_82,Books,4288.29
1204,3864,2,3,838,5/4/2021,6810.27,Customer_838,Giza,customer838@example.com,8/18/2024,Product_2,Clothing,3751.87
1205,970,64,4,2502,12/22/2021,9531.05,Customer_2502,Alexandria,customer2502@example.com,7/16/2023,Product_64,Clothing,702.02
1206,2053,67,5,307,6/16/2024,334.79,Customer_307,Giza,customer307@example.com,6/13/2021,Product_67,Books,572.57
1207,4637,12,1,2922,2/22/2023,6257.18,Customer_2922,Giza,customer2922@example.com,8/8/2023,Product_12,Electronics,1616.26
1208,3011,40,5,2480,1/31/2023,4510.51,Customer_2480,Tanta,customer2480@example.com,7/5/2020,Product_40,Electronics,2551.49
1209,1000,31,5,2426,3/22/2022,5111.51,Customer_2426,Cairo,customer2426@example.com,12/6/2020,Product_31,Clothing,803.97
1210,558,40,1,207,10/19/2024,7928.24,Customer_207,Mansoura,customer207@example.com,5/20/2023,Product_40,Electronics,2551.49
1211,852,10,5,502,3/20/2023,515.22,Customer_502,Mansoura,customer502@example.com,2/8/2025,Product_10,Food,4759.39
1212,594,16,1,757,3/4/2023,445.56,Customer_757,Tanta,customer757@example.com,3/1/2020,Product_16,Books,2927.96
1213,874,38,3,2760,8/3/2022,1055.13,Customer_2760,Alexandria,customer2760@example.com,5/7/2023,Product_38,Electronics,3198
1214,4584,36,1,2390,2/24/2021,8197.33,Customer_2390,Tanta,customer2390@example.com,12/31/2023,Product_36,Books,435.47
1215,4082,72,1,2694,11/23/2023,9366.57,Customer_2694,Tanta,customer2694@example.com,7/11/2022,Product_72,Books,3410.88
1216,40,84,5,304,12/28/2021,2522.45,Customer_304,Cairo,customer304@example.com,10/5/2022,Product_84,Electronics,2027.35
1217,4367,88,5,1147,8/28/2023,4018.69,Customer_1147,Giza,customer1147@example.com,5/25/2020,Product_88,Electronics,4918.9
1218,4136,54,3,1292,3/1/2021,6243.33,Customer_1292,Tanta,customer1292@example.com,11/28/2024,Product_54,Clothing,1537.55
1219,3756,46,4,413,2/20/2022,4985.12,Customer_413,Alexandria,customer413@example.com,6/20/2023,Product_46,Books,4701.18
1220,4814,74,4,2795,3/15/2023,7394.71,Customer_2795,Giza,customer2795@example.com,5/16/2024,Product_74,Books,1450.23
1221,2112,52,3,1155,12/17/2022,209.9,Customer_1155,Mansoura,customer1155@example.com,3/5/2020,Product_52,Electronics,3840.32
1222,3637,50,5,1955,10/25/2023,5015.74,Customer_1955,Tanta,customer1955@example.com,2/18/2020,Product_50,Food,3820.03
1223,1708,33,3,413,2/29/2024,1142.93,Customer_413,Alexandria,customer413@example.com,6/20/2023,Product_33,Books,3039.13
1224,836,82,3,2836,5/24/2023,6975.62,Customer_2836,Alexandria,customer2836@example.com,8/18/2023,Product_82,Books,4288.29
1225,3742,79,5,1598,6/10/2022,4852.44,Customer_1598,Mansoura,customer1598@example.com,11/26/2023,Product_79,Electronics,3626.75
1226,4524,35,5,211,1/24/2023,2348.59,Customer_211,Tanta,customer211@example.com,6/2/2025,Product_35,Electronics,4514.18
1227,2202,23,2,645,7/20/2024,9013.23,Customer_645,Alexandria,customer645@example.com,8/23/2023,Product_23,Food,3477.2
1228,4399,1,2,2910,5/14/2024,7482.98,Customer_2910,Alexandria,customer2910@example.com,10/27/2021,Product_1,Electronics,213.03
1229,1875,89,3,1373,9/27/2024,9976,Customer_1373,Alexandria,customer1373@example.com,1/14/2023,Product_89,Electronics,3701.86
1230,2089,10,1,2811,11/23/2023,1568.3,Customer_2811,Cairo,customer2811@example.com,2/1/2025,Product_10,Food,4759.39
1231,1213,13,3,1014,11/26/2021,3789.93,Customer_1014,Mansoura,customer1014@example.com,1/23/2020,Product_13,Books,4763.21
1232,1661,75,1,887,11/28/2024,4213.05,Customer_887,Giza,customer887@example.com,4/5/2024,Product_75,Electronics,1101.96
1233,4934,63,3,2939,8/10/2023,6009.85,Customer_2939,Mansoura,customer2939@example.com,4/20/2022,Product_63,Food,4448.47
1234,3756,28,1,413,2/20/2022,4985.12,Customer_413,Alexandria,customer413@example.com,6/20/2023,Product_28,Clothing,3000.39
1235,4001,15,3,185,9/25/2021,6436.93,Customer_185,Alexandria,customer185@example.com,5/3/2020,Product_15,Food,4986.15
1236,2025,100,4,1600,4/21/2021,6260.67,Customer_1600,Mansoura,customer1600@example.com,3/7/2022,Product_100,Electronics,3739.43
1237,939,80,4,854,7/26/2024,5606.13,Customer_854,Alexandria,customer854@example.com,5/1/2023,Product_80,Books,1059.08
1238,3,22,4,397,1/23/2024,3803.29,Customer_397,Alexandria,customer397@example.com,5/8/2024,Product_22,Books,4732.78
1239,4583,9,2,2650,1/27/2023,3245.45,Customer_2650,Tanta,customer2650@example.com,4/28/2021,Product_9,Food,3000.69
1240,410,8,4,2588,4/2/2023,6323.97,Customer_2588,Alexandria,customer2588@example.com,7/17/2020,Product_8,Clothing,1366.58
1241,2368,5,3,383,7/16/2023,7725.06,Customer_383,Alexandria,customer383@example.com,12/13/2020,Product_5,Electronics,3605.83
1242,2783,98,1,1413,12/13/2021,2219.79,Customer_1413,Mansoura,customer1413@example.com,8/25/2022,Product_98,Clothing,76.04
1243,4670,3,3,1376,6/10/2022,8445.98,Customer_1376,Tanta,customer1376@example.com,8/10/2020,Product_3,Food,1172.91
1244,1099,99,3,1940,11/22/2021,1033.03,Customer_1940,Giza,customer1940@example.com,5/21/2025,Product_99,Food,1026.63
1245,1741,23,2,801,11/25/2022,8191.23,Customer_801,Alexandria,customer801@example.com,9/2/2020,Product_23,Food,3477.2
1246,4578,81,3,1820,2/5/2021,4179.55,Customer_1820,Alexandria,customer1820@example.com,6/20/2025,Product_81,Electronics,1778.51
1247,3003,6,2,758,12/3/2023,5129.21,Customer_758,Cairo,customer758@example.com,8/1/2020,Product_6,Clothing,2452.37
1248,949,83,4,182,9/22/2022,6905.91,Customer_182,Giza,customer182@example.com,1/23/2025,Product_83,Electronics,4886.44
1249,4595,82,1,401,4/11/2024,5280.73,Customer_401,Giza,customer401@example.com,2/5/2020,Product_82,Books,4288.29
1250,2194,41,4,2174,10/2/2023,2279.07,Customer_2174,Tanta,customer2174@example.com,1/12/2022,Product_41,Electronics,956.49
1251,4618,99,3,1733,6/5/2023,1493.95,Customer_1733,Giza,customer1733@example.com,8/18/2020,Product_99,Food,1026.63
1252,142,66,4,1272,12/31/2021,8270.7,Customer_1272,Cairo,customer1272@example.com,10/21/2023,Product_66,Electronics,1025.97
1253,4367,51,5,1147,8/28/2023,4018.69,Customer_1147,Giza,customer1147@example.com,5/25/2020,Product_51,Clothing,743.17
1254,2173,1,1,1368,12/6/2023,2035.17,Customer_1368,Alexandria,customer1368@example.com,4/29/2025,Product_1,Electronics,213.03
1255,2645,7,2,292,1/24/2022,4680.7,Customer_292,Giza,customer292@example.com,5/29/2020,Product_7,Food,592
1256,3874,24,5,1820,12/10/2024,8648,Customer_1820,Alexandria,customer1820@example.com,6/20/2025,Product_24,Books,143.69
1257,2277,33,1,839,7/27/2022,3984.59,Customer_839,Tanta,customer839@example.com,3/15/2023,Product_33,Books,3039.13
1258,4124,57,5,515,2/2/2025,797.22,Customer_515,Tanta,customer515@example.com,6/7/2022,Product_57,Books,2330.41
1259,1653,26,1,1411,7/4/2022,5016.25,Customer_1411,Giza,customer1411@example.com,4/8/2022,Product_26,Food,3971.55
1260,3061,89,5,1659,3/23/2021,2939.72,Customer_1659,Giza,customer1659@example.com,11/22/2020,Product_89,Electronics,3701.86
1261,1404,71,2,645,5/15/2022,8288.67,Customer_645,Alexandria,customer645@example.com,8/23/2023,Product_71,Food,2771.35
1262,1641,50,1,2843,8/31/2024,6062.91,Customer_2843,Mansoura,customer2843@example.com,6/17/2025,Product_50,Food,3820.03
1263,789,69,2,992,11/10/2021,9647.27,Customer_992,Cairo,customer992@example.com,7/4/2021,Product_69,Books,3830.58
1264,4264,97,5,599,5/3/2022,7378.08,Customer_599,Tanta,customer599@example.com,3/17/2022,Product_97,Clothing,4099.86
1265,3042,78,1,2462,1/28/2022,5034.7,Customer_2462,Tanta,customer2462@example.com,2/6/2024,Product_78,Clothing,500.25
1266,3669,47,5,1809,2/10/2023,6582.74,Customer_1809,Tanta,customer1809@example.com,3/11/2022,Product_47,Electronics,3315.91
1267,3137,74,4,895,3/4/2021,9534.64,Customer_895,Mansoura,customer895@example.com,7/18/2023,Product_74,Books,1450.23
1268,3204,38,5,238,7/30/2023,2499.14,Customer_238,Cairo,customer238@example.com,9/17/2021,Product_38,Electronics,3198
1269,4063,13,2,2727,4/11/2024,353.52,Customer_2727,Mansoura,customer2727@example.com,9/30/2021,Product_13,Books,4763.21
1270,628,74,3,1716,9/2/2021,2389.91,Customer_1716,Mansoura,customer1716@example.com,5/8/2020,Product_74,Books,1450.23
1271,3340,18,4,1452,2/19/2021,1023.61,Customer_1452,Alexandria,customer1452@example.com,6/2/2022,Product_18,Electronics,1004.49
1272,2078,39,3,850,7/11/2021,8907.27,Customer_850,Alexandria,customer850@example.com,12/1/2024,Product_39,Clothing,3859.21
1273,4211,10,3,601,12/26/2023,1476.68,Customer_601,Giza,customer601@example.com,5/25/2020,Product_10,Food,4759.39
1274,3736,8,3,2880,11/15/2022,215.6,Customer_2880,Tanta,customer2880@example.com,10/8/2024,Product_8,Clothing,1366.58
1275,2382,79,1,1452,6/7/2023,7321.52,Customer_1452,Alexandria,customer1452@example.com,6/2/2022,Product_79,Electronics,3626.75
1276,3642,93,1,423,9/10/2023,3530.73,Customer_423,Cairo,customer423@example.com,3/16/2021,Product_93,Food,400.32
1277,2723,63,3,1825,6/23/2024,8555.57,Customer_1825,Alexandria,customer1825@example.com,7/22/2024,Product_63,Food,4448.47
1278,2563,50,4,2075,1/6/2022,2519.44,Customer_2075,Cairo,customer2075@example.com,1/9/2025,Product_50,Food,3820.03
1279,2413,99,2,1762,4/17/2022,6472.58,Customer_1762,Giza,customer1762@example.com,10/31/2021,Product_99,Food,1026.63
1280,1448,3,1,2717,6/29/2023,550.48,Customer_2717,Cairo,customer2717@example.com,8/9/2022,Product_3,Food,1172.91
1281,707,28,3,741,1/8/2025,4150.17,Customer_741,Tanta,customer741@example.com,4/12/2023,Product_28,Clothing,3000.39
1282,2954,63,1,922,9/30/2023,5735.64,Customer_922,Cairo,customer922@example.com,2/3/2021,Product_63,Food,4448.47
1283,1735,9,5,2760,5/12/2022,3894.15,Customer_2760,Alexandria,customer2760@example.com,5/7/2023,Product_9,Food,3000.69
1284,2589,90,4,2885,6/22/2023,148.56,Customer_2885,Giza,customer2885@example.com,7/3/2023,Product_90,Electronics,4526.98
1285,2052,79,4,2516,10/9/2021,7579.94,Customer_2516,Mansoura,customer2516@example.com,11/9/2023,Product_79,Electronics,3626.75
1286,4018,75,3,2716,9/19/2023,7721.78,Customer_2716,Giza,customer2716@example.com,1/5/2020,Product_75,Electronics,1101.96
1287,3489,5,1,2151,6/8/2022,6537.06,Customer_2151,Tanta,customer2151@example.com,9/7/2020,Product_5,Electronics,3605.83
1288,2922,96,1,2509,6/19/2022,9372.54,Customer_2509,Mansoura,customer2509@example.com,3/30/2022,Product_96,Food,2091.27
1289,1020,37,3,1663,4/18/2024,6564.51,Customer_1663,Giza,customer1663@example.com,9/10/2020,Product_37,Clothing,3357.82
1290,2569,4,1,1368,4/16/2022,9250.63,Customer_1368,Alexandria,customer1368@example.com,4/29/2025,Product_4,Books,4854.34
1291,2329,76,5,2024,3/5/2021,2541.22,Customer_2024,Cairo,customer2024@example.com,4/4/2020,Product_76,Food,3766.34
1292,2529,88,4,668,3/25/2022,8655.17,Customer_668,Mansoura,customer668@example.com,3/22/2021,Product_88,Electronics,4918.9
1293,3209,39,1,207,3/21/2022,5649.75,Customer_207,Mansoura,customer207@example.com,5/20/2023,Product_39,Clothing,3859.21
1294,4263,66,3,2274,9/2/2024,7045.25,Customer_2274,Tanta,customer2274@example.com,10/12/2024,Product_66,Electronics,1025.97
1295,4525,4,3,2196,9/22/2021,3853.38,Customer_2196,Tanta,customer2196@example.com,3/16/2022,Product_4,Books,4854.34
1296,3040,11,1,2917,3/7/2023,5979.28,Customer_2917,Mansoura,customer2917@example.com,11/18/2023,Product_11,Books,4911.93
1297,3843,41,3,38,8/18/2023,7133.21,Customer_38,Alexandria,customer38@example.com,5/28/2021,Product_41,Electronics,956.49
1298,3365,97,2,1636,3/17/2021,9848.2,Customer_1636,Giza,customer1636@example.com,1/29/2025,Product_97,Clothing,4099.86
1299,1443,94,5,2347,4/8/2021,4176.3,Customer_2347,Tanta,customer2347@example.com,9/9/2023,Product_94,Books,2732.33
1300,2812,31,2,1520,11/8/2024,9582.79,Customer_1520,Alexandria,customer1520@example.com,2/27/2023,Product_31,Clothing,803.97
1301,4365,59,1,1683,10/10/2021,6137.92,Customer_1683,Tanta,customer1683@example.com,10/26/2021,Product_59,Books,4667.97
1302,269,45,1,709,10/23/2021,6288.55,Customer_709,Mansoura,customer709@example.com,12/31/2022,Product_45,Electronics,1533.97
1303,937,66,5,1040,11/3/2024,3336.87,Customer_1040,Mansoura,customer1040@example.com,4/19/2023,Product_66,Electronics,1025.97
1304,4586,23,2,1112,11/16/2021,3776.39,Customer_1112,Alexandria,customer1112@example.com,10/22/2024,Product_23,Food,3477.2
1305,4691,54,5,656,6/24/2022,8642.48,Customer_656,Alexandria,customer656@example.com,10/11/2023,Product_54,Clothing,1537.55
1306,4099,9,5,2861,5/7/2023,9307.29,Customer_2861,Alexandria,customer2861@example.com,11/23/2024,Product_9,Food,3000.69
1307,1567,60,2,2751,12/27/2024,533.55,Customer_2751,Tanta,customer2751@example.com,8/5/2024,Product_60,Books,3144.78
1308,578,29,1,2238,4/8/2021,1826.36,Customer_2238,Giza,customer2238@example.com,6/2/2024,Product_29,Electronics,4798.18
1309,1804,42,2,1194,2/21/2021,1102.16,Customer_1194,Alexandria,customer1194@example.com,2/18/2020,Product_42,Books,4962.04
1310,511,37,5,781,7/2/2021,9981.69,Customer_781,Cairo,customer781@example.com,5/3/2024,Product_37,Clothing,3357.82
1311,479,35,5,2104,3/13/2024,3510.71,Customer_2104,Alexandria,customer2104@example.com,11/4/2020,Product_35,Electronics,4514.18
1312,691,36,2,1777,3/20/2024,3952.4,Customer_1777,Mansoura,customer1777@example.com,2/8/2024,Product_36,Books,435.47
1313,4601,83,1,2093,9/27/2022,3880.14,Customer_2093,Alexandria,customer2093@example.com,9/29/2023,Product_83,Electronics,4886.44
1314,4701,18,3,606,6/13/2023,8954.01,Customer_606,Mansoura,customer606@example.com,1/2/2021,Product_18,Electronics,1004.49
1315,1255,41,3,2289,12/7/2023,7867.27,Customer_2289,Alexandria,customer2289@example.com,2/28/2022,Product_41,Electronics,956.49
1316,873,2,3,2654,9/30/2024,535,Customer_2654,Alexandria,customer2654@example.com,1/30/2025,Product_2,Clothing,3751.87
1317,3580,22,1,2424,1/9/2021,8318.79,Customer_2424,Alexandria,customer2424@example.com,11/8/2020,Product_22,Books,4732.78
1318,124,48,1,695,5/23/2023,9052.52,Customer_695,Alexandria,customer695@example.com,4/11/2022,Product_48,Food,1377.81
1319,2895,94,5,2440,2/4/2022,4959.96,Customer_2440,Mansoura,customer2440@example.com,2/6/2025,Product_94,Books,2732.33
1320,4319,15,3,1729,9/25/2022,7910.4,Customer_1729,Tanta,customer1729@example.com,2/20/2023,Product_15,Food,4986.15
1321,3126,88,3,817,3/13/2023,4133.9,Customer_817,Tanta,customer817@example.com,6/14/2025,Product_88,Electronics,4918.9
1322,4557,64,3,1192,2/4/2022,1781.53,Customer_1192,Cairo,customer1192@example.com,2/22/2025,Product_64,Clothing,702.02
1323,2242,31,1,2664,2/18/2024,4842.58,Customer_2664,Cairo,customer2664@example.com,10/30/2020,Product_31,Clothing,803.97
1324,1354,67,2,1953,4/11/2021,6107.71,Customer_1953,Cairo,customer1953@example.com,11/25/2023,Product_67,Books,572.57
1325,4348,12,4,1635,1/6/2024,1715.9,Customer_1635,Cairo,customer1635@example.com,1/27/2023,Product_12,Electronics,1616.26
1326,506,50,1,1808,5/25/2023,7977.29,Customer_1808,Alexandria,customer1808@example.com,6/11/2024,Product_50,Food,3820.03
1327,3158,52,2,918,1/31/2023,1986.63,Customer_918,Giza,customer918@example.com,6/12/2021,Product_52,Electronics,3840.32
1328,4106,18,5,2333,4/4/2022,2742.25,Customer_2333,Tanta,customer2333@example.com,3/20/2025,Product_18,Electronics,1004.49
1329,2732,87,4,1668,8/28/2021,8695.97,Customer_1668,Mansoura,customer1668@example.com,4/28/2021,Product_87,Food,3831.9
1330,4714,81,4,539,1/22/2024,5704.62,Customer_539,Mansoura,customer539@example.com,12/28/2020,Product_81,Electronics,1778.51
1331,2553,24,3,1746,8/3/2023,2546.34,Customer_1746,Alexandria,customer1746@example.com,2/26/2022,Product_24,Books,143.69
1332,3236,72,3,1028,3/23/2024,7169.48,Customer_1028,Giza,customer1028@example.com,3/25/2022,Product_72,Books,3410.88
1333,3260,16,2,2403,8/29/2022,9898.03,Customer_2403,Tanta,customer2403@example.com,2/20/2024,Product_16,Books,2927.96
1334,1810,11,4,382,12/20/2021,8366.62,Customer_382,Mansoura,customer382@example.com,2/20/2021,Product_11,Books,4911.93
1335,4412,59,2,789,6/9/2021,6332.36,Customer_789,Cairo,customer789@example.com,7/16/2020,Product_59,Books,4667.97
1336,3726,61,2,2082,9/15/2024,7923.99,Customer_2082,Alexandria,customer2082@example.com,3/12/2023,Product_61,Clothing,4887.51
1337,4356,6,1,1581,1/19/2023,2939.86,Customer_1581,Cairo,customer1581@example.com,4/29/2023,Product_6,Clothing,2452.37
1338,1253,58,2,2923,9/19/2021,3180.45,Customer_2923,Mansoura,customer2923@example.com,11/15/2020,Product_58,Clothing,362.65
1339,3713,72,3,1299,3/15/2024,1264.06,Customer_1299,Cairo,customer1299@example.com,6/12/2023,Product_72,Books,3410.88
1340,2982,24,4,2818,12/7/2022,9125.46,Customer_2818,Tanta,customer2818@example.com,1/13/2025,Product_24,Books,143.69
1341,666,24,1,1697,3/13/2021,211.18,Customer_1697,Mansoura,customer1697@example.com,9/6/2024,Product_24,Books,143.69
1342,4506,21,1,788,1/27/2024,9332.09,Customer_788,Cairo,customer788@example.com,5/19/2025,Product_21,Electronics,96.34
1343,456,83,1,2821,12/24/2024,427.2,Customer_2821,Giza,customer2821@example.com,2/26/2022,Product_83,Electronics,4886.44
1344,2170,46,2,1434,1/4/2023,3923.43,Customer_1434,Giza,customer1434@example.com,4/22/2022,Product_46,Books,4701.18
1345,3141,9,3,18,6/30/2021,2285.08,Customer_18,Cairo,customer18@example.com,3/13/2022,Product_9,Food,3000.69
1346,3470,10,5,2917,10/5/2021,6317.07,Customer_2917,Mansoura,customer2917@example.com,11/18/2023,Product_10,Food,4759.39
1347,3197,52,5,1727,3/29/2021,5305.9,Customer_1727,Mansoura,customer1727@example.com,6/3/2024,Product_52,Electronics,3840.32
1348,1704,98,3,657,6/2/2023,1349.99,Customer_657,Alexandria,customer657@example.com,1/10/2020,Product_98,Clothing,76.04
1349,3641,64,3,2281,9/29/2023,2522.23,Customer_2281,Giza,customer2281@example.com,1/13/2021,Product_64,Clothing,702.02
1350,192,16,5,2452,4/4/2022,916.98,Customer_2452,Alexandria,customer2452@example.com,9/21/2022,Product_16,Books,2927.96
1351,353,11,1,742,8/18/2024,6599.28,Customer_742,Tanta,customer742@example.com,10/14/2020,Product_11,Books,4911.93
1352,403,85,1,1706,5/20/2023,2982.93,Customer_1706,Alexandria,customer1706@example.com,9/13/2020,Product_85,Clothing,1711.88
1353,2107,35,3,620,8/17/2023,2902.87,Customer_620,Tanta,customer620@example.com,8/7/2024,Product_35,Electronics,4514.18
1354,1911,3,3,1810,9/25/2021,9377.18,Customer_1810,Alexandria,customer1810@example.com,10/19/2024,Product_3,Food,1172.91
1355,998,73,4,1505,4/10/2021,6081.77,Customer_1505,Cairo,customer1505@example.com,1/2/2021,Product_73,Food,4973.65
1356,4244,16,2,1214,1/6/2022,5191.7,Customer_1214,Cairo,customer1214@example.com,10/12/2022,Product_16,Books,2927.96
1357,3350,88,5,1306,8/26/2023,558.99,Customer_1306,Cairo,customer1306@example.com,12/7/2021,Product_88,Electronics,4918.9
1358,1784,75,5,207,11/4/2021,5226.93,Customer_207,Mansoura,customer207@example.com,5/20/2023,Product_75,Electronics,1101.96
1359,1696,64,3,2585,1/16/2023,8710.24,Customer_2585,Cairo,customer2585@example.com,12/11/2022,Product_64,Clothing,702.02
1360,927,37,3,166,12/20/2022,5601.41,Customer_166,Cairo,customer166@example.com,4/14/2024,Product_37,Clothing,3357.82
1361,3200,48,2,2668,2/9/2021,4596.25,Customer_2668,Tanta,customer2668@example.com,3/15/2025,Product_48,Food,1377.81
1362,3781,17,1,1422,4/14/2024,1180.19,Customer_1422,Mansoura,customer1422@example.com,10/20/2021,Product_17,Food,1236.08
1363,4440,65,3,448,5/12/2023,1506.52,Customer_448,Alexandria,customer448@example.com,9/22/2023,Product_65,Clothing,3948.51
1364,822,17,1,2468,8/29/2021,3530.34,Customer_2468,Giza,customer2468@example.com,8/26/2021,Product_17,Food,1236.08
1365,1471,50,4,489,8/8/2021,3494.42,Customer_489,Mansoura,customer489@example.com,3/25/2023,Product_50,Food,3820.03
1366,3975,3,3,1397,6/17/2022,5408.97,Customer_1397,Mansoura,customer1397@example.com,4/23/2023,Product_3,Food,1172.91
1367,1134,79,1,514,7/3/2022,4786.56,Customer_514,Cairo,customer514@example.com,12/28/2024,Product_79,Electronics,3626.75
1368,3139,26,5,94,8/22/2023,3278.92,Customer_94,Mansoura,customer94@example.com,8/6/2022,Product_26,Food,3971.55
1369,2911,2,3,160,11/19/2023,1845.48,Customer_160,Tanta,customer160@example.com,5/23/2024,Product_2,Clothing,3751.87
1370,156,30,5,573,4/30/2022,4508.46,Customer_573,Giza,customer573@example.com,9/22/2022,Product_30,Food,1100.71
1371,4550,30,4,2253,8/4/2024,1384.03,Customer_2253,Giza,customer2253@example.com,7/14/2020,Product_30,Food,1100.71
1372,942,66,2,661,10/20/2021,6896.9,Customer_661,Giza,customer661@example.com,10/25/2020,Product_66,Electronics,1025.97
1373,468,28,2,1353,2/23/2024,8743.31,Customer_1353,Giza,customer1353@example.com,7/12/2024,Product_28,Clothing,3000.39
1374,1774,3,2,628,5/21/2021,6024.27,Customer_628,Cairo,customer628@example.com,3/10/2020,Product_3,Food,1172.91
1375,404,43,4,2320,12/16/2021,1686.56,Customer_2320,Tanta,customer2320@example.com,9/13/2021,Product_43,Electronics,4285.71
1376,802,53,2,2604,2/12/2024,1066.62,Customer_2604,Giza,customer2604@example.com,3/4/2024,Product_53,Food,3135.69
1377,1944,45,3,2958,10/4/2023,9952.29,Customer_2958,Giza,customer2958@example.com,3/22/2025,Product_45,Electronics,1533.97
1378,1903,34,1,1586,8/26/2023,7212.81,Customer_1586,Alexandria,customer1586@example.com,12/9/2024,Product_34,Clothing,4372.79
1379,4016,80,3,275,6/20/2021,9320.89,Customer_275,Giza,customer275@example.com,1/21/2021,Product_80,Books,1059.08
1380,4727,38,1,783,5/4/2024,9738.57,Customer_783,Mansoura,customer783@example.com,9/23/2020,Product_38,Electronics,3198
1381,3027,88,2,2982,6/21/2022,7868.26,Customer_2982,Tanta,customer2982@example.com,1/18/2023,Product_88,Electronics,4918.9
1382,1071,17,3,465,6/21/2022,6071.23,Customer_465,Giza,customer465@example.com,2/13/2020,Product_17,Food,1236.08
1383,1118,89,2,32,11/14/2022,9961.7,Customer_32,Alexandria,customer32@example.com,11/4/2021,Product_89,Electronics,3701.86
1384,3698,52,5,2998,9/20/2024,1493.73,Customer_2998,Alexandria,customer2998@example.com,3/22/2020,Product_52,Electronics,3840.32
1385,3730,16,1,1785,6/7/2023,6069.36,Customer_1785,Alexandria,customer1785@example.com,8/12/2023,Product_16,Books,2927.96
1386,849,71,4,637,2/25/2021,5425.35,Customer_637,Cairo,customer637@example.com,1/27/2023,Product_71,Food,2771.35
1387,68,9,2,2990,1/6/2024,5725.13,Customer_2990,Mansoura,customer2990@example.com,3/8/2023,Product_9,Food,3000.69
1388,2475,86,3,112,3/26/2023,7505.11,Customer_112,Giza,customer112@example.com,6/27/2023,Product_86,Clothing,2017.27
1389,1126,19,1,290,4/5/2021,1501.48,Customer_290,Cairo,customer290@example.com,4/28/2022,Product_19,Clothing,4776.48
1390,4549,80,2,1412,8/18/2022,407.02,Customer_1412,Tanta,customer1412@example.com,7/10/2022,Product_80,Books,1059.08
1391,242,62,3,488,11/15/2023,569.75,Customer_488,Cairo,customer488@example.com,2/2/2023,Product_62,Books,3842.23
1392,2574,79,1,2773,1/9/2022,2826.14,Customer_2773,Tanta,customer2773@example.com,1/12/2022,Product_79,Electronics,3626.75
1393,1940,1,4,1996,12/19/2021,9274.49,Customer_1996,Giza,customer1996@example.com,5/21/2023,Product_1,Electronics,213.03
1394,3146,94,2,2007,9/26/2022,4301.45,Customer_2007,Cairo,customer2007@example.com,3/4/2020,Product_94,Books,2732.33
1395,439,94,4,2449,3/12/2024,5938.8,Customer_2449,Cairo,customer2449@example.com,3/18/2022,Product_94,Books,2732.33
1396,4414,54,4,2331,1/31/2021,5535.75,Customer_2331,Giza,customer2331@example.com,3/23/2022,Product_54,Clothing,1537.55
1397,437,66,1,2480,3/3/2021,8110.04,Customer_2480,Tanta,customer2480@example.com,7/5/2020,Product_66,Electronics,1025.97
1398,874,4,2,2760,8/3/2022,1055.13,Customer_2760,Alexandria,customer2760@example.com,5/7/2023,Product_4,Books,4854.34
1399,1411,50,2,2161,11/16/2024,2936.83,Customer_2161,Mansoura,customer2161@example.com,11/29/2022,Product_50,Food,3820.03
1400,4527,26,2,2570,12/4/2022,5269.7,Customer_2570,Giza,customer2570@example.com,11/12/2022,Product_26,Food,3971.55
1401,760,85,3,2853,12/17/2024,2273.58,Customer_2853,Alexandria,customer2853@example.com,9/6/2023,Product_85,Clothing,1711.88
1402,1477,12,2,2447,9/21/2024,3306.16,Customer_2447,Alexandria,customer2447@example.com,2/7/2024,Product_12,Electronics,1616.26
1403,4788,21,1,862,5/6/2023,5276.06,Customer_862,Cairo,customer862@example.com,11/5/2020,Product_21,Electronics,96.34
1404,4716,18,3,732,5/24/2024,8694.5,Customer_732,Mansoura,customer732@example.com,1/13/2022,Product_18,Electronics,1004.49
1405,3929,87,3,1215,8/8/2024,9601.54,Customer_1215,Mansoura,customer1215@example.com,11/2/2024,Product_87,Food,3831.9
1406,4842,34,5,973,11/3/2022,5622.15,Customer_973,Tanta,customer973@example.com,5/6/2024,Product_34,Clothing,4372.79
1407,2209,28,5,2235,4/19/2022,3412.82,Customer_2235,Tanta,customer2235@example.com,2/7/2020,Product_28,Clothing,3000.39
1408,2402,13,5,2381,1/13/2021,5355.69,Customer_2381,Cairo,customer2381@example.com,10/29/2020,Product_13,Books,4763.21
1409,1160,77,2,1915,6/17/2023,1982.03,Customer_1915,Giza,customer1915@example.com,3/4/2023,Product_77,Food,4530.49
1410,2768,24,3,756,4/6/2022,4056.31,Customer_756,Tanta,customer756@example.com,1/9/2024,Product_24,Books,143.69
1411,1834,74,1,953,9/25/2023,9721.86,Customer_953,Alexandria,customer953@example.com,5/24/2021,Product_74,Books,1450.23
1412,713,65,4,579,11/7/2024,6623.26,Customer_579,Cairo,customer579@example.com,10/13/2024,Product_65,Clothing,3948.51
1413,4051,65,2,168,3/9/2024,8794.53,Customer_168,Giza,customer168@example.com,5/9/2022,Product_65,Clothing,3948.51
1414,2660,62,4,346,1/7/2023,1409.23,Customer_346,Tanta,customer346@example.com,6/8/2022,Product_62,Books,3842.23
1415,188,14,4,417,7/21/2022,9706.5,Customer_417,Mansoura,customer417@example.com,11/4/2024,Product_14,Clothing,1343.5
1416,468,28,5,1353,2/23/2024,8743.31,Customer_1353,Giza,customer1353@example.com,7/12/2024,Product_28,Clothing,3000.39
1417,2006,14,2,1787,4/12/2022,6682.41,Customer_1787,Tanta,customer1787@example.com,8/13/2023,Product_14,Clothing,1343.5
1418,4155,44,2,479,10/6/2022,3191.67,Customer_479,Alexandria,customer479@example.com,3/28/2023,Product_44,Books,1374.68
1419,4361,44,2,2286,7/1/2024,8698.92,Customer_2286,Alexandria,customer2286@example.com,6/27/2022,Product_44,Books,1374.68
1420,291,84,2,2899,9/3/2024,7174.24,Customer_2899,Cairo,customer2899@example.com,5/27/2022,Product_84,Electronics,2027.35
1421,498,87,1,124,12/7/2022,3665.03,Customer_124,Giza,customer124@example.com,6/14/2025,Product_87,Food,3831.9
1422,2166,67,4,2528,11/20/2023,610.95,Customer_2528,Giza,customer2528@example.com,4/10/2025,Product_67,Books,572.57
1423,2845,73,5,2390,11/3/2023,5817.66,Customer_2390,Tanta,customer2390@example.com,12/31/2023,Product_73,Food,4973.65
1424,2658,10,3,1977,5/3/2023,3734.42,Customer_1977,Mansoura,customer1977@example.com,4/26/2021,Product_10,Food,4759.39
1425,3475,100,4,779,4/7/2024,4608.27,Customer_779,Mansoura,customer779@example.com,4/23/2022,Product_100,Electronics,3739.43
1426,3602,39,3,2336,10/18/2023,5708.6,Customer_2336,Mansoura,customer2336@example.com,10/24/2021,Product_39,Clothing,3859.21
1427,587,15,2,999,1/12/2021,4256.02,Customer_999,Giza,customer999@example.com,4/17/2025,Product_15,Food,4986.15
1428,4206,87,4,352,11/7/2022,6669.03,Customer_352,Alexandria,customer352@example.com,5/16/2021,Product_87,Food,3831.9
1429,2913,69,2,352,11/30/2023,5637.46,Customer_352,Alexandria,customer352@example.com,5/16/2021,Product_69,Books,3830.58
1430,4471,80,1,1725,10/4/2024,9701.64,Customer_1725,Mansoura,customer1725@example.com,11/30/2023,Product_80,Books,1059.08
1431,3454,92,1,1325,5/23/2021,1651.57,Customer_1325,Tanta,customer1325@example.com,4/19/2020,Product_92,Food,4734.4
1432,1085,25,4,1801,11/24/2022,2861.92,Customer_1801,Giza,customer1801@example.com,7/17/2020,Product_25,Food,1357.47
1433,4504,71,5,2786,2/10/2024,7173.67,Customer_2786,Tanta,customer2786@example.com,5/21/2022,Product_71,Food,2771.35
1434,3685,89,3,1280,4/15/2021,1490.5,Customer_1280,Alexandria,customer1280@example.com,12/1/2022,Product_89,Electronics,3701.86
1435,3185,100,2,2753,7/14/2021,7633.63,Customer_2753,Mansoura,customer2753@example.com,3/21/2020,Product_100,Electronics,3739.43
1436,3972,77,3,102,4/11/2023,1901.54,Customer_102,Giza,customer102@example.com,12/17/2020,Product_77,Food,4530.49
1437,2836,26,4,106,11/4/2022,2343.32,Customer_106,Alexandria,customer106@example.com,5/31/2022,Product_26,Food,3971.55
1438,717,63,4,1273,10/31/2021,2718.77,Customer_1273,Giza,customer1273@example.com,12/15/2022,Product_63,Food,4448.47
1439,982,59,2,1475,5/9/2022,9701.28,Customer_1475,Alexandria,customer1475@example.com,4/1/2020,Product_59,Books,4667.97
1440,1165,88,2,1554,11/27/2021,1342.62,Customer_1554,Alexandria,customer1554@example.com,4/3/2025,Product_88,Electronics,4918.9
1441,2040,38,5,1033,12/28/2021,7248.51,Customer_1033,Alexandria,customer1033@example.com,10/1/2024,Product_38,Electronics,3198
1442,3199,72,5,103,11/23/2024,5387.45,Customer_103,Giza,customer103@example.com,5/19/2023,Product_72,Books,3410.88
1443,2267,4,4,1945,10/25/2022,1272.25,Customer_1945,Alexandria,customer1945@example.com,3/28/2020,Product_4,Books,4854.34
1444,1808,17,5,323,3/4/2022,7585.92,Customer_323,Tanta,customer323@example.com,5/30/2023,Product_17,Food,1236.08
1445,3417,70,3,1733,9/17/2023,2907.86,Customer_1733,Giza,customer1733@example.com,8/18/2020,Product_70,Electronics,2993.19
1446,1341,31,5,2817,4/22/2023,2579.18,Customer_2817,Mansoura,customer2817@example.com,12/12/2022,Product_31,Clothing,803.97
1447,3666,48,4,657,7/7/2022,2021.2,Customer_657,Alexandria,customer657@example.com,1/10/2020,Product_48,Food,1377.81
1448,778,90,4,245,11/21/2021,3070.71,Customer_245,Alexandria,customer245@example.com,9/4/2023,Product_90,Electronics,4526.98
1449,1625,89,4,1027,11/7/2024,594.27,Customer_1027,Tanta,customer1027@example.com,12/23/2024,Product_89,Electronics,3701.86
1450,1663,54,1,2195,2/2/2021,8657.67,Customer_2195,Alexandria,customer2195@example.com,9/8/2021,Product_54,Clothing,1537.55
1451,1600,69,5,356,1/20/2025,9350.69,Customer_356,Cairo,customer356@example.com,2/15/2022,Product_69,Books,3830.58
1452,4989,16,4,2227,5/23/2023,7794.52,Customer_2227,Mansoura,customer2227@example.com,7/21/2020,Product_16,Books,2927.96
1453,1274,36,5,1824,10/4/2024,2500.43,Customer_1824,Mansoura,customer1824@example.com,2/19/2021,Product_36,Books,435.47
1454,4296,83,5,1672,2/9/2023,8446.86,Customer_1672,Mansoura,customer1672@example.com,7/9/2020,Product_83,Electronics,4886.44
1455,1620,89,3,1182,7/29/2022,5296.81,Customer_1182,Mansoura,customer1182@example.com,2/1/2020,Product_89,Electronics,3701.86
1456,3530,61,1,706,9/2/2024,8034.04,Customer_706,Cairo,customer706@example.com,2/17/2024,Product_61,Clothing,4887.51
1457,293,99,3,2083,11/18/2024,4249.64,Customer_2083,Tanta,customer2083@example.com,3/29/2025,Product_99,Food,1026.63
1458,3227,46,2,1228,11/14/2021,7693.04,Customer_1228,Cairo,customer1228@example.com,7/11/2022,Product_46,Books,4701.18
1459,79,68,1,2367,1/16/2024,8954.1,Customer_2367,Tanta,customer2367@example.com,12/2/2022,Product_68,Books,2107.14
1460,1780,40,4,1852,8/29/2022,6954.83,Customer_1852,Alexandria,customer1852@example.com,7/11/2023,Product_40,Electronics,2551.49
1461,4327,18,1,2475,8/18/2024,176.92,Customer_2475,Mansoura,customer2475@example.com,7/1/2020,Product_18,Electronics,1004.49
1462,4761,84,5,2516,10/30/2023,9777.87,Customer_2516,Mansoura,customer2516@example.com,11/9/2023,Product_84,Electronics,2027.35
1463,392,28,2,371,5/14/2024,254.94,Customer_371,Tanta,customer371@example.com,6/12/2024,Product_28,Clothing,3000.39
1464,3976,11,5,1137,1/13/2024,5841.6,Customer_1137,Mansoura,customer1137@example.com,2/12/2025,Product_11,Books,4911.93
1465,4940,19,3,2313,2/14/2022,240.19,Customer_2313,Mansoura,customer2313@example.com,11/23/2021,Product_19,Clothing,4776.48
1466,4166,96,5,689,10/16/2024,1940.03,Customer_689,Tanta,customer689@example.com,8/31/2023,Product_96,Food,2091.27
1467,3518,56,5,1473,8/23/2021,2554.46,Customer_1473,Alexandria,customer1473@example.com,1/15/2021,Product_56,Clothing,3991.47
1468,1829,7,3,896,5/2/2023,8107.08,Customer_896,Cairo,customer896@example.com,3/13/2024,Product_7,Food,592
1469,3452,29,5,268,5/22/2023,4852.72,Customer_268,Mansoura,customer268@example.com,8/13/2024,Product_29,Electronics,4798.18
1470,1982,48,4,2835,8/16/2021,9678.11,Customer_2835,Mansoura,customer2835@example.com,2/20/2022,Product_48,Food,1377.81
1471,3795,90,2,25,6/1/2021,2732.71,Customer_25,Tanta,customer25@example.com,6/18/2020,Product_90,Electronics,4526.98
1472,2819,98,2,921,10/2/2022,5133.14,Customer_921,Mansoura,customer921@example.com,8/20/2023,Product_98,Clothing,76.04
1473,992,13,2,635,1/31/2024,8645.21,Customer_635,Tanta,customer635@example.com,2/5/2025,Product_13,Books,4763.21
1474,1607,11,2,2663,7/15/2021,4671.15,Customer_2663,Giza,customer2663@example.com,9/18/2021,Product_11,Books,4911.93
1475,3948,90,5,1780,11/16/2024,5623.17,Customer_1780,Cairo,customer1780@example.com,12/19/2023,Product_90,Electronics,4526.98
1476,2592,77,2,2383,9/27/2024,8816.62,Customer_2383,Alexandria,customer2383@example.com,10/21/2020,Product_77,Food,4530.49
1477,3130,19,2,636,8/10/2024,4189.22,Customer_636,Tanta,customer636@example.com,4/15/2023,Product_19,Clothing,4776.48
1478,4281,94,4,2179,11/15/2021,719.91,Customer_2179,Mansoura,customer2179@example.com,1/24/2024,Product_94,Books,2732.33
1479,4995,34,3,2785,2/9/2024,1824.7,Customer_2785,Mansoura,customer2785@example.com,6/11/2022,Product_34,Clothing,4372.79
1480,4010,53,1,2605,5/14/2021,367.7,Customer_2605,Cairo,customer2605@example.com,6/29/2024,Product_53,Food,3135.69
1481,1488,50,2,2711,4/25/2024,6785.44,Customer_2711,Mansoura,customer2711@example.com,11/25/2023,Product_50,Food,3820.03
1482,4340,62,5,1780,2/17/2021,1841.29,Customer_1780,Cairo,customer1780@example.com,12/19/2023,Product_62,Books,3842.23
1483,3784,72,5,1257,1/4/2021,6848.73,Customer_1257,Tanta,customer1257@example.com,11/18/2023,Product_72,Books,3410.88
1484,4836,58,3,614,7/14/2023,106.03,Customer_614,Cairo,customer614@example.com,5/6/2022,Product_58,Clothing,362.65
1485,1065,95,4,387,5/15/2024,3517.98,Customer_387,Mansoura,customer387@example.com,7/24/2021,Product_95,Clothing,329.17
1486,2349,7,2,2026,1/12/2022,1570.45,Customer_2026,Giza,customer2026@example.com,4/30/2025,Product_7,Food,592
1487,1152,85,5,2810,10/9/2022,6372,Customer_2810,Giza,customer2810@example.com,9/11/2022,Product_85,Clothing,1711.88
1488,4029,17,4,1284,10/13/2023,4404.05,Customer_1284,Tanta,customer1284@example.com,12/26/2020,Product_17,Food,1236.08
1489,3601,21,3,2125,5/1/2023,9357.6,Customer_2125,Mansoura,customer2125@example.com,6/23/2022,Product_21,Electronics,96.34
1490,3563,19,1,2070,7/17/2023,7576.21,Customer_2070,Mansoura,customer2070@example.com,1/25/2023,Product_19,Clothing,4776.48
1491,630,47,1,2950,12/11/2023,2738.16,Customer_2950,Tanta,customer2950@example.com,9/4/2022,Product_47,Electronics,3315.91
1492,3908,27,4,2090,7/3/2021,2840.35,Customer_2090,Mansoura,customer2090@example.com,8/25/2024,Product_27,Books,2083.82
1493,4828,88,1,1853,9/16/2024,7849.81,Customer_1853,Giza,customer1853@example.com,4/8/2021,Product_88,Electronics,4918.9
1494,1540,20,4,2294,9/7/2021,898.16,Customer_2294,Alexandria,customer2294@example.com,9/6/2024,Product_20,Books,3971.54
1495,3404,40,3,863,1/5/2023,2967.36,Customer_863,Cairo,customer863@example.com,5/24/2025,Product_40,Electronics,2551.49
1496,3510,49,5,2937,3/3/2021,1481.72,Customer_2937,Mansoura,customer2937@example.com,11/12/2022,Product_49,Electronics,2487.22
1497,3007,31,1,1068,6/15/2022,3941.04,Customer_1068,Alexandria,customer1068@example.com,12/19/2022,Product_31,Clothing,803.97
1498,589,10,3,2903,11/13/2023,5541.83,Customer_2903,Alexandria,customer2903@example.com,10/9/2022,Product_10,Food,4759.39
1499,2775,38,4,2720,4/11/2024,5602.71,Customer_2720,Alexandria,customer2720@example.com,7/4/2024,Product_38,Electronics,3198
1500,2780,74,2,2167,3/31/2023,6894.32,Customer_2167,Mansoura,customer2167@example.com,5/31/2023,Product_74,Books,1450.23
1501,747,63,2,1152,3/12/2024,4691.16,Customer_1152,Mansoura,customer1152@example.com,3/7/2021,Product_63,Food,4448.47
1502,1677,49,3,1164,11/13/2024,521.8,Customer_1164,Giza,customer1164@example.com,5/6/2024,Product_49,Electronics,2487.22
1503,645,72,5,1504,4/6/2024,5048.05,Customer_1504,Cairo,customer1504@example.com,9/2/2020,Product_72,Books,3410.88
1504,2714,95,3,1420,12/1/2022,5681.63,Customer_1420,Giza,customer1420@example.com,5/22/2020,Product_95,Clothing,329.17
1505,1541,81,4,1736,11/11/2022,3697.31,Customer_1736,Alexandria,customer1736@example.com,3/17/2023,Product_81,Electronics,1778.51
1506,1796,65,1,93,9/3/2023,9733.94,Customer_93,Mansoura,customer93@example.com,4/30/2023,Product_65,Clothing,3948.51
1507,482,22,5,2941,2/28/2021,9222.69,Customer_2941,Tanta,customer2941@example.com,2/9/2022,Product_22,Books,4732.78
1508,1582,7,5,290,3/25/2022,6146.4,Customer_290,Cairo,customer290@example.com,4/28/2022,Product_7,Food,592
1509,689,25,3,2358,6/3/2022,7340.42,Customer_2358,Cairo,customer2358@example.com,12/28/2024,Product_25,Food,1357.47
1510,3676,24,1,2679,2/27/2024,3225.31,Customer_2679,Mansoura,customer2679@example.com,8/28/2020,Product_24,Books,143.69
1511,224,52,4,2075,9/16/2021,2009.18,Customer_2075,Cairo,customer2075@example.com,1/9/2025,Product_52,Electronics,3840.32
1512,4280,99,1,138,5/3/2023,1953.98,Customer_138,Tanta,customer138@example.com,3/24/2025,Product_99,Food,1026.63
1513,2053,34,1,307,6/16/2024,334.79,Customer_307,Giza,customer307@example.com,6/13/2021,Product_34,Clothing,4372.79
1514,1121,54,3,2235,11/10/2023,2589.3,Customer_2235,Tanta,customer2235@example.com,2/7/2020,Product_54,Clothing,1537.55
1515,3616,99,3,76,9/4/2023,8469.23,Customer_76,Alexandria,customer76@example.com,3/25/2024,Product_99,Food,1026.63
1516,4303,82,1,803,1/19/2023,5287.6,Customer_803,Mansoura,customer803@example.com,1/7/2025,Product_82,Books,4288.29
1517,3682,86,3,1911,5/1/2023,3978.85,Customer_1911,Alexandria,customer1911@example.com,5/21/2021,Product_86,Clothing,2017.27
1518,3063,69,4,954,1/5/2021,6198.33,Customer_954,Giza,customer954@example.com,10/21/2021,Product_69,Books,3830.58
1519,2739,34,3,934,1/30/2025,761.08,Customer_934,Giza,customer934@example.com,9/27/2020,Product_34,Clothing,4372.79
1520,3945,7,2,28,11/13/2024,2117.59,Customer_28,Alexandria,customer28@example.com,10/18/2020,Product_7,Food,592
1521,1154,20,5,1322,8/4/2022,9838.09,Customer_1322,Cairo,customer1322@example.com,10/26/2024,Product_20,Books,3971.54
1522,45,4,1,1402,5/29/2021,5241.86,Customer_1402,Giza,customer1402@example.com,2/21/2021,Product_4,Books,4854.34
1523,3354,4,5,1303,11/16/2024,6917.7,Customer_1303,Giza,customer1303@example.com,9/6/2024,Product_4,Books,4854.34
1524,13,21,1,2092,1/19/2024,3846.39,Customer_2092,Giza,customer2092@example.com,1/14/2024,Product_21,Electronics,96.34
1525,2774,12,5,1748,3/7/2024,9649.79,Customer_1748,Giza,customer1748@example.com,10/31/2022,Product_12,Electronics,1616.26
1526,4892,89,5,1755,11/12/2021,5708.2,Customer_1755,Mansoura,customer1755@example.com,3/19/2021,Product_89,Electronics,3701.86
1527,3587,90,5,185,12/16/2024,2105.05,Customer_185,Alexandria,customer185@example.com,5/3/2020,Product_90,Electronics,4526.98
1528,343,19,3,1499,9/22/2021,2481.87,Customer_1499,Mansoura,customer1499@example.com,5/6/2024,Product_19,Clothing,4776.48
1529,2117,67,3,1001,7/28/2021,9871.76,Customer_1001,Alexandria,customer1001@example.com,3/10/2020,Product_67,Books,572.57
1530,3633,1,1,2519,6/26/2022,487.77,Customer_2519,Cairo,customer2519@example.com,3/28/2020,Product_1,Electronics,213.03
1531,1627,97,2,510,9/25/2024,1411.81,Customer_510,Alexandria,customer510@example.com,3/3/2022,Product_97,Clothing,4099.86
1532,570,64,4,1519,9/9/2022,2619.38,Customer_1519,Tanta,customer1519@example.com,5/22/2022,Product_64,Clothing,702.02
1533,4625,73,1,482,11/25/2024,8093.19,Customer_482,Cairo,customer482@example.com,5/28/2024,Product_73,Food,4973.65
1534,3638,67,3,390,11/7/2022,7050.58,Customer_390,Giza,customer390@example.com,3/18/2021,Product_67,Books,572.57
1535,1971,38,4,2477,4/13/2024,8779.48,Customer_2477,Tanta,customer2477@example.com,4/27/2021,Product_38,Electronics,3198
1536,3287,96,3,1549,9/6/2022,5806.78,Customer_1549,Cairo,customer1549@example.com,3/8/2024,Product_96,Food,2091.27
1537,2210,87,2,1539,12/2/2024,7077.75,Customer_1539,Giza,customer1539@example.com,9/18/2023,Product_87,Food,3831.9
1538,1750,44,1,2141,5/11/2023,6497.01,Customer_2141,Alexandria,customer2141@example.com,11/12/2023,Product_44,Books,1374.68
1539,2084,72,1,184,4/3/2022,2276.27,Customer_184,Alexandria,customer184@example.com,11/2/2023,Product_72,Books,3410.88
1540,3465,8,2,1240,7/22/2021,2803.61,Customer_1240,Giza,customer1240@example.com,11/16/2023,Product_8,Clothing,1366.58
1541,4799,92,2,2749,9/3/2021,6319.14,Customer_2749,Giza,customer2749@example.com,6/16/2020,Product_92,Food,4734.4
1542,182,65,4,788,2/13/2022,7595.63,Customer_788,Cairo,customer788@example.com,5/19/2025,Product_65,Clothing,3948.51
1543,2879,57,1,1150,9/27/2023,1048.23,Customer_1150,Alexandria,customer1150@example.com,2/5/2021,Product_57,Books,2330.41
1544,2549,87,5,1224,6/15/2024,7378.46,Customer_1224,Mansoura,customer1224@example.com,11/26/2021,Product_87,Food,3831.9
1545,3652,94,5,2456,5/31/2023,6734.54,Customer_2456,Tanta,customer2456@example.com,3/27/2025,Product_94,Books,2732.33
1546,3943,97,4,1990,9/21/2023,4079.79,Customer_1990,Tanta,customer1990@example.com,2/27/2022,Product_97,Clothing,4099.86
1547,1888,49,4,1255,6/18/2024,2891,Customer_1255,Alexandria,customer1255@example.com,4/1/2023,Product_49,Electronics,2487.22
1548,4080,99,1,2808,4/11/2024,6417.97,Customer_2808,Tanta,customer2808@example.com,4/4/2025,Product_99,Food,1026.63
1549,3090,98,1,1215,7/26/2023,5478.96,Customer_1215,Mansoura,customer1215@example.com,11/2/2024,Product_98,Clothing,76.04
1550,3833,10,2,1599,3/9/2024,8804.5,Customer_1599,Mansoura,customer1599@example.com,6/26/2023,Product_10,Food,4759.39
1551,176,20,5,2791,6/10/2023,7473.79,Customer_2791,Mansoura,customer2791@example.com,1/12/2023,Product_20,Books,3971.54
1552,4463,61,1,860,8/19/2023,9725.01,Customer_860,Tanta,customer860@example.com,3/28/2024,Product_61,Clothing,4887.51
1553,2422,67,5,1258,12/28/2024,7390.37,Customer_1258,Alexandria,customer1258@example.com,11/27/2022,Product_67,Books,572.57
1554,2005,88,4,2671,2/26/2021,5283.33,Customer_2671,Alexandria,customer2671@example.com,3/31/2020,Product_88,Electronics,4918.9
1555,3445,24,3,2608,11/30/2022,4600.56,Customer_2608,Giza,customer2608@example.com,6/17/2022,Product_24,Books,143.69
1556,133,94,2,1033,8/29/2024,6322.81,Customer_1033,Alexandria,customer1033@example.com,10/1/2024,Product_94,Books,2732.33
1557,3018,75,1,1905,10/19/2024,2901.63,Customer_1905,Tanta,customer1905@example.com,3/6/2025,Product_75,Electronics,1101.96
1558,3386,26,5,2365,6/24/2021,6069.3,Customer_2365,Mansoura,customer2365@example.com,8/2/2023,Product_26,Food,3971.55
1559,879,37,5,86,4/11/2023,8409.3,Customer_86,Mansoura,customer86@example.com,1/25/2022,Product_37,Clothing,3357.82
1560,3970,24,2,80,8/26/2024,9897.12,Customer_80,Cairo,customer80@example.com,11/19/2022,Product_24,Books,143.69
1561,2525,1,1,2560,7/4/2022,3220.67,Customer_2560,Alexandria,customer2560@example.com,7/5/2020,Product_1,Electronics,213.03
1562,2826,60,1,1002,12/2/2023,6537.66,Customer_1002,Giza,customer1002@example.com,9/29/2021,Product_60,Books,3144.78
1563,2463,47,2,32,8/1/2023,4725.37,Customer_32,Alexandria,customer32@example.com,11/4/2021,Product_47,Electronics,3315.91
1564,626,14,2,2186,8/19/2022,3269.21,Customer_2186,Cairo,customer2186@example.com,7/14/2021,Product_14,Clothing,1343.5
1565,4093,73,2,487,7/23/2022,8578.01,Customer_487,Tanta,customer487@example.com,12/14/2023,Product_73,Food,4973.65
1566,1344,14,3,2496,3/25/2021,8310.36,Customer_2496,Giza,customer2496@example.com,5/20/2022,Product_14,Clothing,1343.5
1567,4467,21,2,2855,11/13/2021,4638.62,Customer_2855,Cairo,customer2855@example.com,2/17/2020,Product_21,Electronics,96.34
1568,2816,63,3,1370,4/3/2022,5470.32,Customer_1370,Mansoura,customer1370@example.com,2/10/2022,Product_63,Food,4448.47
1569,667,3,2,1366,9/24/2022,2766.54,Customer_1366,Giza,customer1366@example.com,6/19/2022,Product_3,Food,1172.91
1570,4916,9,2,2642,11/26/2021,3875.85,Customer_2642,Giza,customer2642@example.com,9/23/2021,Product_9,Food,3000.69
1571,1594,80,3,250,10/11/2022,8946.5,Customer_250,Alexandria,customer250@example.com,6/7/2025,Product_80,Books,1059.08
1572,1907,49,1,387,1/22/2025,859.81,Customer_387,Mansoura,customer387@example.com,7/24/2021,Product_49,Electronics,2487.22
1573,2885,25,4,2562,7/21/2023,8440.99,Customer_2562,Mansoura,customer2562@example.com,10/8/2022,Product_25,Food,1357.47
1574,2979,50,5,396,5/3/2021,6950.41,Customer_396,Mansoura,customer396@example.com,2/15/2023,Product_50,Food,3820.03
1575,1963,5,5,264,6/10/2024,9843.76,Customer_264,Tanta,customer264@example.com,10/30/2024,Product_5,Electronics,3605.83
1576,2980,90,2,650,6/22/2023,5490.69,Customer_650,Cairo,customer650@example.com,12/5/2024,Product_90,Electronics,4526.98
1577,2705,22,5,291,3/22/2024,4490.87,Customer_291,Cairo,customer291@example.com,5/4/2025,Product_22,Books,4732.78
1578,3692,38,2,2086,9/28/2024,3483.01,Customer_2086,Cairo,customer2086@example.com,8/24/2020,Product_38,Electronics,3198
1579,2374,54,1,835,9/1/2023,4365.12,Customer_835,Giza,customer835@example.com,10/13/2023,Product_54,Clothing,1537.55
1580,513,7,1,2904,6/5/2024,7065.88,Customer_2904,Tanta,customer2904@example.com,11/27/2022,Product_7,Food,592
1581,2958,35,5,1564,1/10/2022,2492.69,Customer_1564,Tanta,customer1564@example.com,8/1/2021,Product_35,Electronics,4514.18
1582,1826,74,4,349,10/31/2021,8551.16,Customer_349,Alexandria,customer349@example.com,3/1/2021,Product_74,Books,1450.23
1583,1406,65,2,2624,4/30/2021,6990.68,Customer_2624,Giza,customer2624@example.com,1/15/2023,Product_65,Clothing,3948.51
1584,2359,9,3,1901,6/4/2023,4026.12,Customer_1901,Giza,customer1901@example.com,11/28/2021,Product_9,Food,3000.69
1585,3954,74,3,1276,3/13/2022,1164.47,Customer_1276,Tanta,customer1276@example.com,5/18/2023,Product_74,Books,1450.23
1586,382,54,4,1935,9/22/2023,5543.33,Customer_1935,Giza,customer1935@example.com,8/6/2021,Product_54,Clothing,1537.55
1587,1255,8,5,2289,12/7/2023,7867.27,Customer_2289,Alexandria,customer2289@example.com,2/28/2022,Product_8,Clothing,1366.58
1588,2911,82,4,160,11/19/2023,1845.48,Customer_160,Tanta,customer160@example.com,5/23/2024,Product_82,Books,4288.29
1589,3659,63,2,1835,1/11/2023,7429.08,Customer_1835,Mansoura,customer1835@example.com,6/26/2021,Product_63,Food,4448.47
1590,1139,21,3,2542,11/1/2022,6792.25,Customer_2542,Alexandria,customer2542@example.com,1/28/2021,Product_21,Electronics,96.34
1591,4141,7,5,1390,1/10/2023,9686.15,Customer_1390,Tanta,customer1390@example.com,9/20/2023,Product_7,Food,592
1592,2460,61,2,1678,11/3/2022,7785.53,Customer_1678,Tanta,customer1678@example.com,4/22/2025,Product_61,Clothing,4887.51
1593,2467,95,1,1050,10/22/2024,6750.12,Customer_1050,Alexandria,customer1050@example.com,5/5/2024,Product_95,Clothing,329.17
1594,921,31,3,2542,11/4/2023,9936.41,Customer_2542,Alexandria,customer2542@example.com,1/28/2021,Product_31,Clothing,803.97
1595,917,5,3,1241,11/8/2021,2002.96,Customer_1241,Mansoura,customer1241@example.com,12/1/2023,Product_5,Electronics,3605.83
1596,3948,85,4,1780,11/16/2024,5623.17,Customer_1780,Cairo,customer1780@example.com,12/19/2023,Product_85,Clothing,1711.88
1597,1354,82,2,1953,4/11/2021,6107.71,Customer_1953,Cairo,customer1953@example.com,11/25/2023,Product_82,Books,4288.29
1598,3040,51,4,2917,3/7/2023,5979.28,Customer_2917,Mansoura,customer2917@example.com,11/18/2023,Product_51,Clothing,743.17
1599,4359,94,1,900,7/12/2021,3917.23,Customer_900,Mansoura,customer900@example.com,1/8/2023,Product_94,Books,2732.33
1600,4479,90,5,2807,8/28/2024,1782.27,Customer_2807,Mansoura,customer2807@example.com,6/28/2020,Product_90,Electronics,4526.98
1601,3343,13,2,2589,6/5/2024,9140.98,Customer_2589,Tanta,customer2589@example.com,12/18/2022,Product_13,Books,4763.21
1602,1279,67,1,797,1/19/2022,3390,Customer_797,Alexandria,customer797@example.com,3/28/2022,Product_67,Books,572.57
1603,3129,8,2,1545,2/12/2024,2651.93,Customer_1545,Giza,customer1545@example.com,2/22/2022,Product_8,Clothing,1366.58
1604,2193,44,5,1300,12/18/2024,1553.78,Customer_1300,Alexandria,customer1300@example.com,4/18/2023,Product_44,Books,1374.68
1605,1040,95,1,936,6/9/2021,1854.33,Customer_936,Mansoura,customer936@example.com,9/23/2022,Product_95,Clothing,329.17
1606,677,83,3,1163,6/12/2022,7392.47,Customer_1163,Mansoura,customer1163@example.com,2/7/2020,Product_83,Electronics,4886.44
1607,4500,33,2,2276,8/4/2022,9267.32,Customer_2276,Cairo,customer2276@example.com,7/1/2023,Product_33,Books,3039.13
1608,3618,87,1,2038,10/10/2024,3046.75,Customer_2038,Cairo,customer2038@example.com,4/10/2020,Product_87,Food,3831.9
1609,4822,15,1,2750,8/26/2023,912.11,Customer_2750,Cairo,customer2750@example.com,1/24/2022,Product_15,Food,4986.15
1610,3656,55,2,2032,4/17/2022,4531.78,Customer_2032,Giza,customer2032@example.com,9/4/2021,Product_55,Food,1039.6
1611,36,5,3,2900,5/26/2023,9447.99,Customer_2900,Cairo,customer2900@example.com,4/1/2022,Product_5,Electronics,3605.83
1612,1280,80,2,1172,1/17/2023,5953.97,Customer_1172,Alexandria,customer1172@example.com,11/21/2022,Product_80,Books,1059.08
1613,148,45,2,135,11/11/2023,7414.75,Customer_135,Alexandria,customer135@example.com,5/25/2021,Product_45,Electronics,1533.97
1614,3108,11,5,1235,2/8/2025,4447.42,Customer_1235,Giza,customer1235@example.com,2/28/2025,Product_11,Books,4911.93
1615,4247,14,5,442,5/15/2024,4194.12,Customer_442,Giza,customer442@example.com,12/31/2024,Product_14,Clothing,1343.5
1616,4597,61,3,2084,1/3/2025,9266.3,Customer_2084,Tanta,customer2084@example.com,11/24/2021,Product_61,Clothing,4887.51
1617,475,100,4,2914,6/15/2024,6370.77,Customer_2914,Mansoura,customer2914@example.com,12/2/2023,Product_100,Electronics,3739.43
1618,3931,86,1,692,2/7/2023,5984.04,Customer_692,Mansoura,customer692@example.com,11/29/2024,Product_86,Clothing,2017.27
1619,3544,41,5,2829,9/25/2022,9422.51,Customer_2829,Alexandria,customer2829@example.com,3/31/2025,Product_41,Electronics,956.49
1620,3112,2,5,1714,12/2/2021,4344.02,Customer_1714,Giza,customer1714@example.com,11/8/2023,Product_2,Clothing,3751.87
1621,1940,76,2,1996,12/19/2021,9274.49,Customer_1996,Giza,customer1996@example.com,5/21/2023,Product_76,Food,3766.34
1622,2289,99,1,1408,7/16/2022,9047.35,Customer_1408,Cairo,customer1408@example.com,10/12/2021,Product_99,Food,1026.63
1623,4806,44,3,1519,12/14/2024,6077.31,Customer_1519,Tanta,customer1519@example.com,5/22/2022,Product_44,Books,1374.68
1624,875,4,5,2052,7/29/2024,381.04,Customer_2052,Giza,customer2052@example.com,10/2/2024,Product_4,Books,4854.34
1625,3657,93,5,2459,5/5/2021,148.66,Customer_2459,Giza,customer2459@example.com,8/28/2023,Product_93,Food,400.32
1626,3418,62,1,195,7/20/2021,5767.77,Customer_195,Tanta,customer195@example.com,8/22/2024,Product_62,Books,3842.23
1627,1998,96,3,2416,11/16/2024,4363.54,Customer_2416,Alexandria,customer2416@example.com,8/5/2024,Product_96,Food,2091.27
1628,2818,87,5,1725,2/7/2024,9700.23,Customer_1725,Mansoura,customer1725@example.com,11/30/2023,Product_87,Food,3831.9
1629,1586,92,1,943,9/8/2023,294.89,Customer_943,Alexandria,customer943@example.com,7/11/2024,Product_92,Food,4734.4
1630,2982,49,1,2818,12/7/2022,9125.46,Customer_2818,Tanta,customer2818@example.com,1/13/2025,Product_49,Electronics,2487.22
1631,2486,42,4,270,8/7/2024,5037.72,Customer_270,Cairo,customer270@example.com,4/28/2023,Product_42,Books,4962.04
1632,1001,19,1,2742,5/19/2021,5174.92,Customer_2742,Alexandria,customer2742@example.com,12/31/2024,Product_19,Clothing,4776.48
1633,3582,51,3,842,1/10/2024,5776.84,Customer_842,Alexandria,customer842@example.com,11/13/2023,Product_51,Clothing,743.17
1634,4982,81,3,2818,4/19/2021,1505.59,Customer_2818,Tanta,customer2818@example.com,1/13/2025,Product_81,Electronics,1778.51
1635,3843,41,4,38,8/18/2023,7133.21,Customer_38,Alexandria,customer38@example.com,5/28/2021,Product_41,Electronics,956.49
1636,1810,38,4,382,12/20/2021,8366.62,Customer_382,Mansoura,customer382@example.com,2/20/2021,Product_38,Electronics,3198
1637,314,21,4,1074,2/7/2022,9986.57,Customer_1074,Alexandria,customer1074@example.com,7/11/2023,Product_21,Electronics,96.34
1638,2137,7,1,1019,4/10/2023,3701.11,Customer_1019,Cairo,customer1019@example.com,3/9/2023,Product_7,Food,592
1639,4140,59,3,2298,10/18/2024,6138.43,Customer_2298,Cairo,customer2298@example.com,8/10/2024,Product_59,Books,4667.97
1640,4648,21,5,526,5/2/2024,994.67,Customer_526,Mansoura,customer526@example.com,10/16/2020,Product_21,Electronics,96.34
1641,2199,83,3,1362,10/19/2023,6359.81,Customer_1362,Giza,customer1362@example.com,2/11/2024,Product_83,Electronics,4886.44
1642,1773,74,1,2973,6/25/2024,7658.02,Customer_2973,Mansoura,customer2973@example.com,9/28/2024,Product_74,Books,1450.23
1643,3629,62,3,2085,12/25/2021,7957.68,Customer_2085,Cairo,customer2085@example.com,11/28/2024,Product_62,Books,3842.23
1644,3228,52,4,1957,8/1/2024,8555.87,Customer_1957,Cairo,customer1957@example.com,2/10/2020,Product_52,Electronics,3840.32
1645,726,7,1,2142,3/6/2024,5694.11,Customer_2142,Alexandria,customer2142@example.com,8/30/2022,Product_7,Food,592
1646,4225,2,2,2692,11/16/2023,1355.2,Customer_2692,Giza,customer2692@example.com,3/24/2020,Product_2,Clothing,3751.87
1647,3667,89,4,762,6/23/2023,5676.62,Customer_762,Alexandria,customer762@example.com,4/23/2024,Product_89,Electronics,3701.86
1648,2358,22,4,1327,11/29/2023,3394.82,Customer_1327,Tanta,customer1327@example.com,8/10/2021,Product_22,Books,4732.78
1649,4889,61,2,2752,8/24/2024,5079.72,Customer_2752,Giza,customer2752@example.com,2/20/2023,Product_61,Clothing,4887.51
1650,4513,47,1,341,10/12/2021,4273.55,Customer_341,Cairo,customer341@example.com,2/1/2022,Product_47,Electronics,3315.91
1651,945,33,2,1808,1/29/2025,5417.02,Customer_1808,Alexandria,customer1808@example.com,6/11/2024,Product_33,Books,3039.13
1652,3343,82,3,2589,6/5/2024,9140.98,Customer_2589,Tanta,customer2589@example.com,12/18/2022,Product_82,Books,4288.29
1653,4833,68,2,122,7/26/2022,2640.87,Customer_122,Giza,customer122@example.com,11/14/2024,Product_68,Books,2107.14
1654,1493,93,2,2495,2/21/2023,359.75,Customer_2495,Mansoura,customer2495@example.com,8/19/2022,Product_93,Food,400.32
1655,139,28,5,99,12/23/2023,6043.12,Customer_99,Tanta,customer99@example.com,6/9/2022,Product_28,Clothing,3000.39
1656,5,56,5,1580,12/23/2021,5995.28,Customer_1580,Cairo,customer1580@example.com,8/29/2022,Product_56,Clothing,3991.47
1657,4550,23,2,2253,8/4/2024,1384.03,Customer_2253,Giza,customer2253@example.com,7/14/2020,Product_23,Food,3477.2
1658,699,39,2,518,12/28/2023,5725.11,Customer_518,Cairo,customer518@example.com,7/22/2022,Product_39,Clothing,3859.21
1659,838,25,1,1803,2/2/2023,1299.31,Customer_1803,Alexandria,customer1803@example.com,5/29/2020,Product_25,Food,1357.47
1660,2911,86,1,160,11/19/2023,1845.48,Customer_160,Tanta,customer160@example.com,5/23/2024,Product_86,Clothing,2017.27
1661,826,81,1,2597,11/22/2024,4781.58,Customer_2597,Giza,customer2597@example.com,2/28/2022,Product_81,Electronics,1778.51
1662,2701,9,2,2411,11/11/2023,8517.7,Customer_2411,Giza,customer2411@example.com,9/19/2022,Product_9,Food,3000.69
1663,3691,77,1,2246,6/22/2023,9355.24,Customer_2246,Mansoura,customer2246@example.com,3/28/2021,Product_77,Food,4530.49
1664,3364,49,2,2888,1/31/2022,6191.9,Customer_2888,Mansoura,customer2888@example.com,7/1/2021,Product_49,Electronics,2487.22
1665,363,11,2,378,2/7/2022,719.78,Customer_378,Tanta,customer378@example.com,6/20/2021,Product_11,Books,4911.93
1666,3493,76,2,1087,8/8/2023,3741.85,Customer_1087,Tanta,customer1087@example.com,12/6/2022,Product_76,Food,3766.34
1667,4674,48,1,727,4/1/2021,9274.3,Customer_727,Tanta,customer727@example.com,11/28/2022,Product_48,Food,1377.81
1668,1080,70,1,932,1/22/2024,2549.15,Customer_932,Giza,customer932@example.com,3/9/2023,Product_70,Electronics,2993.19
1669,2067,70,5,469,4/13/2022,2876.45,Customer_469,Cairo,customer469@example.com,4/22/2022,Product_70,Electronics,2993.19
1670,1287,91,4,686,12/30/2024,6189.67,Customer_686,Alexandria,customer686@example.com,5/5/2021,Product_91,Food,1957.69
1671,2534,73,4,1440,3/11/2024,2043.58,Customer_1440,Giza,customer1440@example.com,7/22/2021,Product_73,Food,4973.65
1672,4904,99,3,1755,10/14/2023,4125.55,Customer_1755,Mansoura,customer1755@example.com,3/19/2021,Product_99,Food,1026.63
1673,2174,89,5,1213,9/24/2024,8160.01,Customer_1213,Alexandria,customer1213@example.com,9/29/2020,Product_89,Electronics,3701.86
1674,3206,72,3,2764,8/21/2023,7830.2,Customer_2764,Giza,customer2764@example.com,9/7/2020,Product_72,Books,3410.88
1675,978,49,4,2587,10/11/2022,7649.94,Customer_2587,Mansoura,customer2587@example.com,1/12/2022,Product_49,Electronics,2487.22
1676,3358,94,4,2519,3/22/2021,4371.21,Customer_2519,Cairo,customer2519@example.com,3/28/2020,Product_94,Books,2732.33
1677,4751,27,5,2304,11/14/2022,8288.55,Customer_2304,Cairo,customer2304@example.com,2/1/2023,Product_27,Books,2083.82
1678,846,11,2,230,9/10/2023,268.54,Customer_230,Mansoura,customer230@example.com,1/14/2020,Product_11,Books,4911.93
1679,1311,14,4,551,9/28/2022,7050.4,Customer_551,Cairo,customer551@example.com,1/3/2021,Product_14,Clothing,1343.5
1680,3479,74,2,280,5/20/2023,4694.37,Customer_280,Tanta,customer280@example.com,1/4/2020,Product_74,Books,1450.23
1681,1886,35,5,2844,9/1/2023,3271.82,Customer_2844,Mansoura,customer2844@example.com,6/2/2022,Product_35,Electronics,4514.18
1682,2387,2,1,474,4/20/2021,8900.54,Customer_474,Cairo,customer474@example.com,7/18/2020,Product_2,Clothing,3751.87
1683,596,51,1,1079,5/14/2021,8491.35,Customer_1079,Cairo,customer1079@example.com,7/14/2021,Product_51,Clothing,743.17
1684,1274,71,5,1824,10/4/2024,2500.43,Customer_1824,Mansoura,customer1824@example.com,2/19/2021,Product_71,Food,2771.35
1685,1973,20,1,1156,2/1/2022,3173.26,Customer_1156,Alexandria,customer1156@example.com,9/23/2022,Product_20,Books,3971.54
1686,2965,45,5,1048,10/14/2021,5017.13,Customer_1048,Cairo,customer1048@example.com,5/27/2023,Product_45,Electronics,1533.97
1687,4760,54,3,1919,7/6/2024,652.39,Customer_1919,Alexandria,customer1919@example.com,2/25/2023,Product_54,Clothing,1537.55
1688,3302,13,4,2394,2/20/2024,2980.33,Customer_2394,Mansoura,customer2394@example.com,6/2/2020,Product_13,Books,4763.21
1689,4369,100,4,1198,10/10/2023,5130.71,Customer_1198,Alexandria,customer1198@example.com,9/17/2024,Product_100,Electronics,3739.43
1690,1627,82,5,510,9/25/2024,1411.81,Customer_510,Alexandria,customer510@example.com,3/3/2022,Product_82,Books,4288.29
1691,4893,77,2,1913,12/12/2022,4336.81,Customer_1913,Giza,customer1913@example.com,2/11/2022,Product_77,Food,4530.49
1692,1340,98,2,987,5/2/2023,3448.48,Customer_987,Tanta,customer987@example.com,12/15/2021,Product_98,Clothing,76.04
1693,385,50,5,504,2/28/2023,5033.5,Customer_504,Alexandria,customer504@example.com,11/1/2021,Product_50,Food,3820.03
1694,1748,52,2,2199,10/27/2024,8535.65,Customer_2199,Tanta,customer2199@example.com,8/26/2023,Product_52,Electronics,3840.32
1695,4209,20,3,476,12/12/2022,7419.4,Customer_476,Cairo,customer476@example.com,8/13/2022,Product_20,Books,3971.54
1696,3377,62,4,713,4/4/2021,2504.31,Customer_713,Alexandria,customer713@example.com,3/25/2021,Product_62,Books,3842.23
1697,764,32,3,961,10/4/2022,863.74,Customer_961,Cairo,customer961@example.com,4/14/2024,Product_32,Clothing,612.61
1698,4950,38,5,2377,12/8/2024,1347.81,Customer_2377,Tanta,customer2377@example.com,8/24/2023,Product_38,Electronics,3198
1699,416,89,3,1759,11/3/2021,5721.74,Customer_1759,Cairo,customer1759@example.com,5/12/2025,Product_89,Electronics,3701.86
1700,4697,25,4,1043,2/25/2024,9686.8,Customer_1043,Tanta,customer1043@example.com,3/18/2025,Product_25,Food,1357.47
1701,2871,43,2,844,4/1/2022,1569.12,Customer_844,Giza,customer844@example.com,8/24/2022,Product_43,Electronics,4285.71
1702,4006,27,2,2424,3/15/2022,6811.14,Customer_2424,Alexandria,customer2424@example.com,11/8/2020,Product_27,Books,2083.82
1703,4606,72,5,1070,6/11/2024,183.15,Customer_1070,Tanta,customer1070@example.com,5/3/2022,Product_72,Books,3410.88
1704,2547,3,1,1757,3/12/2023,771.28,Customer_1757,Giza,customer1757@example.com,5/29/2020,Product_3,Food,1172.91
1705,136,54,3,967,12/22/2021,263.21,Customer_967,Giza,customer967@example.com,7/15/2021,Product_54,Clothing,1537.55
1706,2443,53,4,163,11/5/2023,5118.04,Customer_163,Tanta,customer163@example.com,7/21/2022,Product_53,Food,3135.69
1707,710,93,5,877,12/12/2021,508.34,Customer_877,Cairo,customer877@example.com,5/19/2023,Product_93,Food,400.32
1708,3169,1,3,2259,12/7/2022,9179.72,Customer_2259,Cairo,customer2259@example.com,11/25/2023,Product_1,Electronics,213.03
1709,2397,14,4,697,10/24/2022,9727.11,Customer_697,Alexandria,customer697@example.com,3/28/2022,Product_14,Clothing,1343.5
1710,4563,49,5,2772,1/15/2022,6779.83,Customer_2772,Giza,customer2772@example.com,1/9/2020,Product_49,Electronics,2487.22
1711,4705,7,5,2071,6/27/2021,4943.82,Customer_2071,Cairo,customer2071@example.com,12/10/2020,Product_7,Food,592
1712,3867,50,3,2692,10/28/2021,167.61,Customer_2692,Giza,customer2692@example.com,3/24/2020,Product_50,Food,3820.03
1713,1781,80,4,181,1/16/2022,2928.63,Customer_181,Mansoura,customer181@example.com,2/24/2025,Product_80,Books,1059.08
1714,2907,68,5,515,7/23/2023,1682.14,Customer_515,Tanta,customer515@example.com,6/7/2022,Product_68,Books,2107.14
1715,187,38,2,1003,1/23/2021,8197.04,Customer_1003,Giza,customer1003@example.com,9/8/2022,Product_38,Electronics,3198
1716,2876,32,4,1058,4/7/2024,395.48,Customer_1058,Alexandria,customer1058@example.com,9/13/2022,Product_32,Clothing,612.61
1717,1682,73,1,1224,12/11/2024,2186.3,Customer_1224,Mansoura,customer1224@example.com,11/26/2021,Product_73,Food,4973.65
1718,2725,54,5,2474,1/28/2021,1221.39,Customer_2474,Giza,customer2474@example.com,12/23/2021,Product_54,Clothing,1537.55
1719,3226,4,3,2209,11/29/2021,4349.3,Customer_2209,Alexandria,customer2209@example.com,9/24/2023,Product_4,Books,4854.34
1720,2177,1,4,2981,5/31/2023,2334.85,Customer_2981,Cairo,customer2981@example.com,10/1/2022,Product_1,Electronics,213.03
1721,4658,86,4,2625,10/22/2024,6968.6,Customer_2625,Giza,customer2625@example.com,2/7/2024,Product_86,Clothing,2017.27
1722,407,68,1,1382,8/11/2023,4757.21,Customer_1382,Mansoura,customer1382@example.com,11/25/2020,Product_68,Books,2107.14
1723,521,4,4,1148,5/7/2021,4232.97,Customer_1148,Alexandria,customer1148@example.com,7/31/2024,Product_4,Books,4854.34
1724,765,72,1,429,7/15/2022,9357.3,Customer_429,Alexandria,customer429@example.com,7/20/2023,Product_72,Books,3410.88
1725,639,88,3,2805,1/28/2025,2244.38,Customer_2805,Giza,customer2805@example.com,3/8/2022,Product_88,Electronics,4918.9
1726,3628,91,4,208,7/23/2022,3879.47,Customer_208,Cairo,customer208@example.com,7/5/2020,Product_91,Food,1957.69
1727,3520,95,5,2288,8/22/2022,4956.95,Customer_2288,Mansoura,customer2288@example.com,6/11/2020,Product_95,Clothing,329.17
1728,799,9,3,77,8/6/2021,6597.55,Customer_77,Cairo,customer77@example.com,5/6/2020,Product_9,Food,3000.69
1729,1612,4,4,2871,11/8/2024,5942.41,Customer_2871,Cairo,customer2871@example.com,5/16/2024,Product_4,Books,4854.34
1730,2408,59,1,2440,3/13/2022,9192.41,Customer_2440,Mansoura,customer2440@example.com,2/6/2025,Product_59,Books,4667.97
1731,2442,72,5,1409,7/23/2021,5716.32,Customer_1409,Mansoura,customer1409@example.com,6/20/2024,Product_72,Books,3410.88
1732,3471,40,2,2352,9/14/2023,7034.8,Customer_2352,Tanta,customer2352@example.com,8/28/2020,Product_40,Electronics,2551.49
1733,2604,31,5,1040,6/10/2024,4561.4,Customer_1040,Mansoura,customer1040@example.com,4/19/2023,Product_31,Clothing,803.97
1734,4790,24,1,2900,11/9/2021,6984.81,Customer_2900,Cairo,customer2900@example.com,4/1/2022,Product_24,Books,143.69
1735,4170,72,5,609,11/13/2023,3178.07,Customer_609,Cairo,customer609@example.com,6/17/2021,Product_72,Books,3410.88
1736,1687,92,2,1261,5/10/2022,4601.9,Customer_1261,Alexandria,customer1261@example.com,11/15/2022,Product_92,Food,4734.4
1737,2188,58,2,1681,12/14/2021,4617.83,Customer_1681,Tanta,customer1681@example.com,3/2/2025,Product_58,Clothing,362.65
1738,4649,6,1,773,7/13/2022,3511.01,Customer_773,Cairo,customer773@example.com,3/3/2021,Product_6,Clothing,2452.37
1739,4016,46,4,275,6/20/2021,9320.89,Customer_275,Giza,customer275@example.com,1/21/2021,Product_46,Books,4701.18
1740,4271,48,1,689,3/31/2021,217.15,Customer_689,Tanta,customer689@example.com,8/31/2023,Product_48,Food,1377.81
1741,2620,29,4,1429,3/8/2022,5332.73,Customer_1429,Tanta,customer1429@example.com,7/15/2021,Product_29,Electronics,4798.18
1742,2813,12,3,2464,7/25/2023,1720.74,Customer_2464,Mansoura,customer2464@example.com,8/10/2020,Product_12,Electronics,1616.26
1743,4653,45,2,1532,12/31/2023,1773.39,Customer_1532,Cairo,customer1532@example.com,2/20/2023,Product_45,Electronics,1533.97
1744,147,2,4,244,10/17/2024,3341.47,Customer_244,Alexandria,customer244@example.com,5/1/2025,Product_2,Clothing,3751.87
1745,700,10,5,2490,7/6/2021,8103.23,Customer_2490,Giza,customer2490@example.com,6/15/2025,Product_10,Food,4759.39
1746,81,60,3,2702,11/18/2023,5495.66,Customer_2702,Tanta,customer2702@example.com,8/17/2023,Product_60,Books,3144.78
1747,4145,96,1,2214,5/25/2021,1452.73,Customer_2214,Alexandria,customer2214@example.com,6/27/2021,Product_96,Food,2091.27
1748,933,9,5,157,3/7/2021,8745.55,Customer_157,Giza,customer157@example.com,11/25/2021,Product_9,Food,3000.69
1749,1615,37,1,2469,2/18/2022,9839.89,Customer_2469,Alexandria,customer2469@example.com,8/2/2023,Product_37,Clothing,3357.82
1750,1596,10,5,698,12/27/2024,6776.52,Customer_698,Giza,customer698@example.com,6/10/2020,Product_10,Food,4759.39
1751,207,12,5,2890,10/30/2021,9697.67,Customer_2890,Cairo,customer2890@example.com,4/26/2023,Product_12,Electronics,1616.26
1752,3330,53,2,2403,5/18/2022,3499.73,Customer_2403,Tanta,customer2403@example.com,2/20/2024,Product_53,Food,3135.69
1753,3660,9,1,724,7/29/2024,8477.7,Customer_724,Giza,customer724@example.com,12/10/2020,Product_9,Food,3000.69
1754,3518,28,3,1473,8/23/2021,2554.46,Customer_1473,Alexandria,customer1473@example.com,1/15/2021,Product_28,Clothing,3000.39
1755,619,65,3,1480,2/6/2024,2807.34,Customer_1480,Cairo,customer1480@example.com,2/10/2023,Product_65,Clothing,3948.51
1756,3459,53,1,1699,4/22/2021,2628.57,Customer_1699,Giza,customer1699@example.com,6/26/2021,Product_53,Food,3135.69
1757,169,7,1,2174,8/30/2021,761.09,Customer_2174,Tanta,customer2174@example.com,1/12/2022,Product_7,Food,592
1758,4746,87,3,2671,3/19/2023,3541.06,Customer_2671,Alexandria,customer2671@example.com,3/31/2020,Product_87,Food,3831.9
1759,2593,70,4,2808,6/13/2024,8747.15,Customer_2808,Tanta,customer2808@example.com,4/4/2025,Product_70,Electronics,2993.19
1760,2320,9,5,1213,12/18/2021,4100.86,Customer_1213,Alexandria,customer1213@example.com,9/29/2020,Product_9,Food,3000.69
1761,778,91,3,245,11/21/2021,3070.71,Customer_245,Alexandria,customer245@example.com,9/4/2023,Product_91,Food,1957.69
1762,4515,47,1,626,11/7/2022,1494.7,Customer_626,Cairo,customer626@example.com,6/4/2021,Product_47,Electronics,3315.91
1763,1613,64,5,2513,1/6/2021,6526.11,Customer_2513,Mansoura,customer2513@example.com,2/13/2023,Product_64,Clothing,702.02
1764,692,6,5,2258,6/20/2021,766.46,Customer_2258,Alexandria,customer2258@example.com,3/26/2021,Product_6,Clothing,2452.37
1765,3785,74,4,372,12/6/2024,2614.41,Customer_372,Cairo,customer372@example.com,3/18/2020,Product_74,Books,1450.23
1766,3333,70,1,1948,12/18/2024,4501.82,Customer_1948,Giza,customer1948@example.com,10/4/2021,Product_70,Electronics,2993.19
1767,2608,14,4,1308,9/21/2024,151.93,Customer_1308,Tanta,customer1308@example.com,3/3/2024,Product_14,Clothing,1343.5
1768,4675,52,2,2768,2/24/2024,7181.26,Customer_2768,Mansoura,customer2768@example.com,4/26/2022,Product_52,Electronics,3840.32
1769,2656,38,5,1002,8/29/2021,307.98,Customer_1002,Giza,customer1002@example.com,9/29/2021,Product_38,Electronics,3198
1770,4724,43,1,260,2/19/2023,9762.24,Customer_260,Giza,customer260@example.com,2/25/2020,Product_43,Electronics,4285.71
1771,4777,71,3,2850,2/18/2024,6011.8,Customer_2850,Mansoura,customer2850@example.com,8/23/2024,Product_71,Food,2771.35
1772,154,7,4,2523,4/25/2021,5746.42,Customer_2523,Giza,customer2523@example.com,3/22/2021,Product_7,Food,592
1773,392,24,2,371,5/14/2024,254.94,Customer_371,Tanta,customer371@example.com,6/12/2024,Product_24,Books,143.69
1774,2794,47,3,1214,9/11/2023,7663.01,Customer_1214,Cairo,customer1214@example.com,10/12/2022,Product_47,Electronics,3315.91
1775,1780,92,1,1852,8/29/2022,6954.83,Customer_1852,Alexandria,customer1852@example.com,7/11/2023,Product_92,Food,4734.4
1776,31,90,4,672,12/5/2022,1427.9,Customer_672,Tanta,customer672@example.com,5/12/2025,Product_90,Electronics,4526.98
1777,3306,7,1,2311,3/21/2021,936.94,Customer_2311,Alexandria,customer2311@example.com,2/9/2021,Product_7,Food,592
1778,3699,56,4,763,10/3/2023,4346.06,Customer_763,Alexandria,customer763@example.com,11/21/2023,Product_56,Clothing,3991.47
1779,3471,96,3,2352,9/14/2023,7034.8,Customer_2352,Tanta,customer2352@example.com,8/28/2020,Product_96,Food,2091.27
1780,1383,12,1,317,1/7/2024,8937.18,Customer_317,Mansoura,customer317@example.com,9/30/2020,Product_12,Electronics,1616.26
1781,1652,31,3,180,12/25/2022,4079.87,Customer_180,Mansoura,customer180@example.com,1/29/2023,Product_31,Clothing,803.97
1782,3397,74,3,1374,10/3/2022,1339.7,Customer_1374,Mansoura,customer1374@example.com,7/2/2021,Product_74,Books,1450.23
1783,2934,44,4,1148,1/22/2021,3540.41,Customer_1148,Alexandria,customer1148@example.com,7/31/2024,Product_44,Books,1374.68
1784,568,79,4,246,2/10/2023,4432.16,Customer_246,Tanta,customer246@example.com,5/25/2020,Product_79,Electronics,3626.75
1785,1529,75,2,1591,12/2/2022,4482.46,Customer_1591,Cairo,customer1591@example.com,2/24/2023,Product_75,Electronics,1101.96
1786,2817,24,2,2357,12/14/2023,6408.29,Customer_2357,Giza,customer2357@example.com,10/1/2023,Product_24,Books,143.69
1787,4310,36,2,1424,9/8/2024,3761.94,Customer_1424,Alexandria,customer1424@example.com,7/17/2020,Product_36,Books,435.47
1788,1472,67,3,563,4/29/2022,7254.95,Customer_563,Tanta,customer563@example.com,10/26/2023,Product_67,Books,572.57
1789,4256,25,4,1951,9/13/2022,8007.56,Customer_1951,Mansoura,customer1951@example.com,5/26/2025,Product_25,Food,1357.47
1790,3310,14,2,317,6/10/2022,9715.73,Customer_317,Mansoura,customer317@example.com,9/30/2020,Product_14,Clothing,1343.5
1791,3812,41,2,2823,1/27/2025,4321.78,Customer_2823,Alexandria,customer2823@example.com,10/15/2020,Product_41,Electronics,956.49
1792,184,87,2,437,4/7/2024,5226.32,Customer_437,Cairo,customer437@example.com,5/25/2020,Product_87,Food,3831.9
1793,2492,90,3,497,10/7/2023,211.46,Customer_497,Giza,customer497@example.com,8/24/2022,Product_90,Electronics,4526.98
1794,1205,2,4,38,1/25/2023,4290.21,Customer_38,Alexandria,customer38@example.com,5/28/2021,Product_2,Clothing,3751.87
1795,1479,2,2,2245,12/16/2021,3842.25,Customer_2245,Cairo,customer2245@example.com,2/12/2021,Product_2,Clothing,3751.87
1796,4701,43,5,606,6/13/2023,8954.01,Customer_606,Mansoura,customer606@example.com,1/2/2021,Product_43,Electronics,4285.71
1797,4541,23,5,874,8/25/2024,9289.79,Customer_874,Mansoura,customer874@example.com,10/16/2023,Product_23,Food,3477.2
1798,2749,25,2,1040,2/21/2021,5364.97,Customer_1040,Mansoura,customer1040@example.com,4/19/2023,Product_25,Food,1357.47
1799,1478,65,1,627,5/12/2022,6872.07,Customer_627,Alexandria,customer627@example.com,2/20/2023,Product_65,Clothing,3948.51
1800,4802,50,1,2162,8/24/2022,3951.84,Customer_2162,Alexandria,customer2162@example.com,6/4/2023,Product_50,Food,3820.03
1801,2306,85,4,265,5/24/2022,7786.1,Customer_265,Tanta,customer265@example.com,7/25/2024,Product_85,Clothing,1711.88
1802,785,25,2,2348,9/26/2022,4180.1,Customer_2348,Giza,customer2348@example.com,4/5/2024,Product_25,Food,1357.47
1803,2428,57,1,976,11/5/2023,5205.23,Customer_976,Alexandria,customer976@example.com,4/3/2023,Product_57,Books,2330.41
1804,830,9,2,51,8/13/2022,6990.87,Customer_51,Cairo,customer51@example.com,3/13/2020,Product_9,Food,3000.69
1805,4816,91,2,917,10/17/2021,231.83,Customer_917,Tanta,customer917@example.com,2/20/2024,Product_91,Food,1957.69
1806,983,83,4,2956,9/26/2022,5016.48,Customer_2956,Alexandria,customer2956@example.com,1/18/2023,Product_83,Electronics,4886.44
1807,327,89,3,932,5/23/2023,196.07,Customer_932,Giza,customer932@example.com,3/9/2023,Product_89,Electronics,3701.86
1808,2389,96,4,1922,7/23/2023,3777.06,Customer_1922,Mansoura,customer1922@example.com,12/27/2024,Product_96,Food,2091.27
1809,1028,7,1,2708,8/19/2021,9677.81,Customer_2708,Tanta,customer2708@example.com,5/17/2025,Product_7,Food,592
1810,4407,84,5,1892,11/28/2021,4852.69,Customer_1892,Tanta,customer1892@example.com,2/10/2021,Product_84,Electronics,2027.35
1811,4470,6,5,2942,9/24/2022,7064.55,Customer_2942,Alexandria,customer2942@example.com,9/3/2022,Product_6,Clothing,2452.37
1812,3871,14,2,2232,10/24/2024,1670.57,Customer_2232,Giza,customer2232@example.com,1/20/2022,Product_14,Clothing,1343.5
1813,3474,79,5,1411,5/3/2022,3259.85,Customer_1411,Giza,customer1411@example.com,4/8/2022,Product_79,Electronics,3626.75
1814,1211,4,4,1972,12/17/2024,6460.03,Customer_1972,Tanta,customer1972@example.com,9/6/2022,Product_4,Books,4854.34
1815,4303,62,1,803,1/19/2023,5287.6,Customer_803,Mansoura,customer803@example.com,1/7/2025,Product_62,Books,3842.23
1816,3087,5,2,2605,3/18/2023,4219.17,Customer_2605,Cairo,customer2605@example.com,6/29/2024,Product_5,Electronics,3605.83
1817,2216,22,4,545,10/21/2024,9926.53,Customer_545,Tanta,customer545@example.com,12/11/2022,Product_22,Books,4732.78
1818,2009,64,2,397,3/31/2024,9079.91,Customer_397,Alexandria,customer397@example.com,5/8/2024,Product_64,Clothing,702.02
1819,4031,66,5,1584,8/7/2023,5314.28,Customer_1584,Alexandria,customer1584@example.com,10/26/2024,Product_66,Electronics,1025.97
1820,307,49,4,197,2/28/2022,2434.4,Customer_197,Giza,customer197@example.com,6/29/2020,Product_49,Electronics,2487.22
1821,3715,43,5,55,4/2/2021,6102.26,Customer_55,Giza,customer55@example.com,7/14/2024,Product_43,Electronics,4285.71
1822,763,32,5,423,9/25/2023,787.39,Customer_423,Cairo,customer423@example.com,3/16/2021,Product_32,Clothing,612.61
1823,3622,4,4,1762,1/26/2023,846.62,Customer_1762,Giza,customer1762@example.com,10/31/2021,Product_4,Books,4854.34
1824,3598,61,1,314,2/26/2021,1675.34,Customer_314,Cairo,customer314@example.com,1/1/2024,Product_61,Clothing,4887.51
1825,1281,88,4,2166,1/8/2025,1275.75,Customer_2166,Mansoura,customer2166@example.com,4/24/2024,Product_88,Electronics,4918.9
1826,4402,74,5,1844,6/13/2022,3035.51,Customer_1844,Alexandria,customer1844@example.com,9/1/2023,Product_74,Books,1450.23
1827,939,9,4,854,7/26/2024,5606.13,Customer_854,Alexandria,customer854@example.com,5/1/2023,Product_9,Food,3000.69
1828,4920,72,4,720,4/20/2022,1229.17,Customer_720,Mansoura,customer720@example.com,5/14/2023,Product_72,Books,3410.88
1829,2277,45,1,839,7/27/2022,3984.59,Customer_839,Tanta,customer839@example.com,3/15/2023,Product_45,Electronics,1533.97
1830,3139,40,1,94,8/22/2023,3278.92,Customer_94,Mansoura,customer94@example.com,8/6/2022,Product_40,Electronics,2551.49
1831,543,94,3,2440,1/15/2023,9364.87,Customer_2440,Mansoura,customer2440@example.com,2/6/2025,Product_94,Books,2732.33
1832,3167,82,3,1610,11/26/2021,2127.02,Customer_1610,Alexandria,customer1610@example.com,3/26/2024,Product_82,Books,4288.29
1833,4533,39,1,963,7/17/2021,8335.8,Customer_963,Giza,customer963@example.com,1/11/2023,Product_39,Clothing,3859.21
1834,86,2,5,8,6/13/2023,2427.22,Customer_8,Giza,customer8@example.com,2/12/2025,Product_2,Clothing,3751.87
1835,4812,81,5,2133,5/4/2022,7461.1,Customer_2133,Giza,customer2133@example.com,8/11/2024,Product_81,Electronics,1778.51
1836,4991,95,3,1808,3/25/2022,8923.19,Customer_1808,Alexandria,customer1808@example.com,6/11/2024,Product_95,Clothing,329.17
1837,892,9,3,286,5/22/2021,5316.29,Customer_286,Cairo,customer286@example.com,12/14/2021,Product_9,Food,3000.69
1838,3758,98,5,1939,9/1/2023,9836.54,Customer_1939,Alexandria,customer1939@example.com,10/28/2023,Product_98,Clothing,76.04
1839,1487,51,3,795,1/4/2024,6451.29,Customer_795,Cairo,customer795@example.com,1/9/2020,Product_51,Clothing,743.17
1840,4247,50,5,442,5/15/2024,4194.12,Customer_442,Giza,customer442@example.com,12/31/2024,Product_50,Food,3820.03
1841,3239,82,4,2092,9/19/2024,8596.91,Customer_2092,Giza,customer2092@example.com,1/14/2024,Product_82,Books,4288.29
1842,3302,61,3,2394,2/20/2024,2980.33,Customer_2394,Mansoura,customer2394@example.com,6/2/2020,Product_61,Clothing,4887.51
1843,3939,40,1,978,7/27/2024,1643.77,Customer_978,Cairo,customer978@example.com,9/13/2024,Product_40,Electronics,2551.49
1844,1380,40,1,2693,11/15/2022,3009.9,Customer_2693,Giza,customer2693@example.com,12/29/2021,Product_40,Electronics,2551.49
1845,2956,27,5,92,1/19/2021,270.94,Customer_92,Giza,customer92@example.com,5/16/2022,Product_27,Books,2083.82
1846,4938,74,4,206,11/10/2021,8379.75,Customer_206,Cairo,customer206@example.com,5/16/2021,Product_74,Books,1450.23
1847,4684,59,2,2909,5/12/2023,573.69,Customer_2909,Alexandria,customer2909@example.com,4/7/2022,Product_59,Books,4667.97
1848,4750,53,4,167,8/7/2022,783.8,Customer_167,Cairo,customer167@example.com,8/31/2022,Product_53,Food,3135.69
1849,2965,99,1,1048,10/14/2021,5017.13,Customer_1048,Cairo,customer1048@example.com,5/27/2023,Product_99,Food,1026.63
1850,874,78,5,2760,8/3/2022,1055.13,Customer_2760,Alexandria,customer2760@example.com,5/7/2023,Product_78,Clothing,500.25
1851,1270,49,3,2876,12/25/2024,2510.75,Customer_2876,Cairo,customer2876@example.com,8/10/2020,Product_49,Electronics,2487.22
1852,2707,34,3,1749,7/25/2021,8379.36,Customer_1749,Giza,customer1749@example.com,2/27/2024,Product_34,Clothing,4372.79
1853,1392,55,2,1261,10/5/2023,640.05,Customer_1261,Alexandria,customer1261@example.com,11/15/2022,Product_55,Food,1039.6
1854,1266,32,1,1872,12/6/2023,1347.15,Customer_1872,Alexandria,customer1872@example.com,4/7/2025,Product_32,Clothing,612.61
1855,4630,32,5,2491,7/11/2021,6753.88,Customer_2491,Tanta,customer2491@example.com,8/26/2024,Product_32,Clothing,612.61
1856,4437,99,3,1291,1/26/2024,350.57,Customer_1291,Giza,customer1291@example.com,8/5/2023,Product_99,Food,1026.63
1857,4522,95,2,1711,1/22/2025,7291.17,Customer_1711,Tanta,customer1711@example.com,11/13/2021,Product_95,Clothing,329.17
1858,3140,46,5,2955,11/7/2021,9855.69,Customer_2955,Tanta,customer2955@example.com,4/27/2023,Product_46,Books,4701.18
1859,1014,44,1,892,1/18/2025,8365.02,Customer_892,Alexandria,customer892@example.com,9/7/2022,Product_44,Books,1374.68
1860,3261,90,2,1664,3/1/2024,1314.21,Customer_1664,Cairo,customer1664@example.com,7/7/2024,Product_90,Electronics,4526.98
1861,3136,7,3,2855,6/27/2021,1692.94,Customer_2855,Cairo,customer2855@example.com,2/17/2020,Product_7,Food,592
1862,2995,92,5,424,10/27/2021,8355.84,Customer_424,Cairo,customer424@example.com,4/25/2023,Product_92,Food,4734.4
1863,333,82,4,2572,1/18/2022,1793.12,Customer_2572,Giza,customer2572@example.com,12/8/2020,Product_82,Books,4288.29
1864,62,26,3,2068,6/7/2023,7189.95,Customer_2068,Giza,customer2068@example.com,11/29/2023,Product_26,Food,3971.55
1865,773,32,2,1104,12/18/2021,1314.1,Customer_1104,Cairo,customer1104@example.com,7/10/2021,Product_32,Clothing,612.61
1866,2703,50,3,1389,2/5/2021,2891.88,Customer_1389,Giza,customer1389@example.com,5/24/2025,Product_50,Food,3820.03
1867,3651,94,2,2584,6/9/2021,6625.6,Customer_2584,Tanta,customer2584@example.com,4/7/2021,Product_94,Books,2732.33
1868,1651,62,4,1582,7/23/2023,2229.84,Customer_1582,Cairo,customer1582@example.com,11/10/2020,Product_62,Books,3842.23
1869,2657,66,3,2739,12/22/2024,9084.68,Customer_2739,Giza,customer2739@example.com,7/3/2022,Product_66,Electronics,1025.97
1870,4699,10,1,1843,8/27/2023,961.06,Customer_1843,Mansoura,customer1843@example.com,11/6/2020,Product_10,Food,4759.39
1871,1878,92,5,2059,11/13/2024,8516.78,Customer_2059,Alexandria,customer2059@example.com,9/19/2023,Product_92,Food,4734.4
1872,761,26,5,2580,5/14/2024,7873.97,Customer_2580,Tanta,customer2580@example.com,12/21/2021,Product_26,Food,3971.55
1873,18,96,2,1201,9/16/2022,3693.8,Customer_1201,Alexandria,customer1201@example.com,8/28/2020,Product_96,Food,2091.27
1874,1199,61,2,160,2/25/2023,6971.28,Customer_160,Tanta,customer160@example.com,5/23/2024,Product_61,Clothing,4887.51
1875,715,78,3,711,7/27/2024,1440.16,Customer_711,Giza,customer711@example.com,9/9/2023,Product_78,Clothing,500.25
1876,3418,12,2,195,7/20/2021,5767.77,Customer_195,Tanta,customer195@example.com,8/22/2024,Product_12,Electronics,1616.26
1877,1833,31,3,1282,12/28/2024,8834.51,Customer_1282,Tanta,customer1282@example.com,8/28/2023,Product_31,Clothing,803.97
1878,1031,100,4,75,1/6/2024,1411.02,Customer_75,Giza,customer75@example.com,1/26/2023,Product_100,Electronics,3739.43
1879,4460,95,4,2960,5/6/2021,3973.52,Customer_2960,Tanta,customer2960@example.com,10/31/2024,Product_95,Clothing,329.17
1880,541,11,3,2121,7/23/2024,3315.49,Customer_2121,Cairo,customer2121@example.com,4/4/2021,Product_11,Books,4911.93
1881,1327,78,5,907,8/26/2021,6434.12,Customer_907,Alexandria,customer907@example.com,7/11/2021,Product_78,Clothing,500.25
1882,3696,73,1,2869,10/19/2022,4619.82,Customer_2869,Mansoura,customer2869@example.com,7/21/2024,Product_73,Food,4973.65
1883,1466,67,2,2833,4/21/2021,8566.14,Customer_2833,Tanta,customer2833@example.com,2/1/2021,Product_67,Books,572.57
1884,4941,32,2,832,11/29/2023,6120.3,Customer_832,Giza,customer832@example.com,7/24/2020,Product_32,Clothing,612.61
1885,3170,58,2,1592,10/6/2021,6735.13,Customer_1592,Tanta,customer1592@example.com,5/13/2025,Product_58,Clothing,362.65
1886,1908,24,1,1455,8/25/2021,4746.8,Customer_1455,Alexandria,customer1455@example.com,1/14/2021,Product_24,Books,143.69
1887,3110,10,4,1558,2/17/2024,3031.93,Customer_1558,Giza,customer1558@example.com,9/29/2022,Product_10,Food,4759.39
1888,4169,45,4,2530,1/21/2022,4071.25,Customer_2530,Giza,customer2530@example.com,9/23/2022,Product_45,Electronics,1533.97
1889,3925,45,4,2255,3/16/2023,4406.94,Customer_2255,Alexandria,customer2255@example.com,5/13/2023,Product_45,Electronics,1533.97
1890,4521,94,5,2363,3/10/2023,7414.78,Customer_2363,Cairo,customer2363@example.com,1/22/2023,Product_94,Books,2732.33
1891,3660,70,2,724,7/29/2024,8477.7,Customer_724,Giza,customer724@example.com,12/10/2020,Product_70,Electronics,2993.19
1892,3556,97,1,2587,2/7/2025,2321.84,Customer_2587,Mansoura,customer2587@example.com,1/12/2022,Product_97,Clothing,4099.86
1893,3992,71,5,1601,9/1/2024,6710.4,Customer_1601,Giza,customer1601@example.com,4/11/2023,Product_71,Food,2771.35
1894,4356,32,3,1581,1/19/2023,2939.86,Customer_1581,Cairo,customer1581@example.com,4/29/2023,Product_32,Clothing,612.61
1895,3378,26,1,2264,2/7/2022,6820.3,Customer_2264,Tanta,customer2264@example.com,1/3/2020,Product_26,Food,3971.55
1896,3896,16,2,1634,6/2/2022,5515.52,Customer_1634,Alexandria,customer1634@example.com,12/26/2022,Product_16,Books,2927.96
1897,4597,28,2,2084,1/3/2025,9266.3,Customer_2084,Tanta,customer2084@example.com,11/24/2021,Product_28,Clothing,3000.39
1898,3156,53,5,1765,6/2/2021,9739.84,Customer_1765,Alexandria,customer1765@example.com,10/22/2024,Product_53,Food,3135.69
1899,4135,84,3,1997,11/24/2021,6063.44,Customer_1997,Alexandria,customer1997@example.com,6/5/2020,Product_84,Electronics,2027.35
1900,2011,68,5,2044,8/9/2024,5318.32,Customer_2044,Cairo,customer2044@example.com,6/2/2025,Product_68,Books,2107.14
1901,4704,18,2,2383,6/13/2022,4877.04,Customer_2383,Alexandria,customer2383@example.com,10/21/2020,Product_18,Electronics,1004.49
1902,3939,52,5,978,7/27/2024,1643.77,Customer_978,Cairo,customer978@example.com,9/13/2024,Product_52,Electronics,3840.32
1903,1963,37,2,264,6/10/2024,9843.76,Customer_264,Tanta,customer264@example.com,10/30/2024,Product_37,Clothing,3357.82
1904,4298,96,4,1937,1/7/2021,3784.86,Customer_1937,Cairo,customer1937@example.com,10/29/2024,Product_96,Food,2091.27
1905,4078,54,5,1563,11/15/2021,2203.99,Customer_1563,Alexandria,customer1563@example.com,5/15/2021,Product_54,Clothing,1537.55
1906,1784,18,4,207,11/4/2021,5226.93,Customer_207,Mansoura,customer207@example.com,5/20/2023,Product_18,Electronics,1004.49
1907,4270,54,3,213,6/28/2024,9729.39,Customer_213,Mansoura,customer213@example.com,2/3/2021,Product_54,Clothing,1537.55
1908,4629,9,2,1170,6/7/2024,1257.01,Customer_1170,Mansoura,customer1170@example.com,7/17/2024,Product_9,Food,3000.69
1909,4754,16,2,2472,2/9/2022,3896.84,Customer_2472,Tanta,customer2472@example.com,12/21/2020,Product_16,Books,2927.96
1910,4712,63,5,1016,1/21/2025,1129.27,Customer_1016,Tanta,customer1016@example.com,5/6/2025,Product_63,Food,4448.47
1911,4338,58,5,569,6/24/2022,3784.75,Customer_569,Tanta,customer569@example.com,6/5/2020,Product_58,Clothing,362.65
1912,1490,27,3,361,9/20/2021,477.29,Customer_361,Tanta,customer361@example.com,4/21/2022,Product_27,Books,2083.82
1913,4226,27,1,1153,1/4/2025,5000.99,Customer_1153,Giza,customer1153@example.com,8/27/2022,Product_27,Books,2083.82
1914,420,71,2,293,11/23/2022,3909.12,Customer_293,Tanta,customer293@example.com,5/27/2021,Product_71,Food,2771.35
1915,1475,80,1,2076,10/12/2022,5085.97,Customer_2076,Giza,customer2076@example.com,9/13/2024,Product_80,Books,1059.08
1916,3457,68,3,131,12/25/2023,518.5,Customer_131,Alexandria,customer131@example.com,2/18/2021,Product_68,Books,2107.14
1917,4014,21,1,2549,12/13/2024,8675.45,Customer_2549,Cairo,customer2549@example.com,5/19/2020,Product_21,Electronics,96.34
1918,4295,97,3,223,2/5/2022,6065.89,Customer_223,Alexandria,customer223@example.com,10/21/2022,Product_97,Clothing,4099.86
1919,572,97,2,1124,2/14/2022,3431.16,Customer_1124,Giza,customer1124@example.com,12/25/2022,Product_97,Clothing,4099.86
1920,2250,89,1,2377,6/9/2021,7283.93,Customer_2377,Tanta,customer2377@example.com,8/24/2023,Product_89,Electronics,3701.86
1921,3471,69,3,2352,9/14/2023,7034.8,Customer_2352,Tanta,customer2352@example.com,8/28/2020,Product_69,Books,3830.58
1922,4274,50,2,1385,4/4/2024,2920.72,Customer_1385,Alexandria,customer1385@example.com,5/25/2022,Product_50,Food,3820.03
1923,2442,53,5,1409,7/23/2021,5716.32,Customer_1409,Mansoura,customer1409@example.com,6/20/2024,Product_53,Food,3135.69
1924,867,23,1,97,5/18/2024,3235.57,Customer_97,Giza,customer97@example.com,11/22/2020,Product_23,Food,3477.2
1925,1748,55,3,2199,10/27/2024,8535.65,Customer_2199,Tanta,customer2199@example.com,8/26/2023,Product_55,Food,1039.6
1926,3108,87,1,1235,2/8/2025,4447.42,Customer_1235,Giza,customer1235@example.com,2/28/2025,Product_87,Food,3831.9
1927,4467,83,3,2855,11/13/2021,4638.62,Customer_2855,Cairo,customer2855@example.com,2/17/2020,Product_83,Electronics,4886.44
1928,3256,17,3,41,8/1/2024,3668,Customer_41,Cairo,customer41@example.com,4/5/2023,Product_17,Food,1236.08
1929,182,17,1,788,2/13/2022,7595.63,Customer_788,Cairo,customer788@example.com,5/19/2025,Product_17,Food,1236.08
1930,3020,55,4,1596,3/4/2023,9547.66,Customer_1596,Cairo,customer1596@example.com,1/15/2020,Product_55,Food,1039.6
1931,4693,29,2,728,12/18/2023,8951.8,Customer_728,Alexandria,customer728@example.com,8/27/2020,Product_29,Electronics,4798.18
1932,2430,78,1,2586,9/28/2022,2475.24,Customer_2586,Cairo,customer2586@example.com,6/28/2023,Product_78,Clothing,500.25
1933,432,82,1,114,4/4/2024,7119.52,Customer_114,Mansoura,customer114@example.com,10/18/2023,Product_82,Books,4288.29
1934,4818,5,2,2836,2/13/2022,1707.62,Customer_2836,Alexandria,customer2836@example.com,8/18/2023,Product_5,Electronics,3605.83
1935,721,56,1,680,2/27/2024,7428.5,Customer_680,Alexandria,customer680@example.com,11/14/2022,Product_56,Clothing,3991.47
1936,294,58,1,552,1/30/2021,8676.75,Customer_552,Tanta,customer552@example.com,4/1/2023,Product_58,Clothing,362.65
1937,2611,70,3,687,3/5/2021,2047.61,Customer_687,Alexandria,customer687@example.com,3/24/2024,Product_70,Electronics,2993.19
1938,4252,51,1,1186,3/16/2023,8247.38,Customer_1186,Mansoura,customer1186@example.com,5/10/2025,Product_51,Clothing,743.17
1939,2965,11,1,1048,10/14/2021,5017.13,Customer_1048,Cairo,customer1048@example.com,5/27/2023,Product_11,Books,4911.93
1940,3371,42,5,1975,7/1/2021,1717.37,Customer_1975,Tanta,customer1975@example.com,4/6/2022,Product_42,Books,4962.04
1941,1535,90,4,2371,6/28/2023,4611.15,Customer_2371,Giza,customer2371@example.com,4/22/2025,Product_90,Electronics,4526.98
1942,1986,40,1,1356,4/28/2021,2165.15,Customer_1356,Mansoura,customer1356@example.com,1/5/2021,Product_40,Electronics,2551.49
1943,1128,1,2,281,3/3/2024,5715.8,Customer_281,Giza,customer281@example.com,2/18/2025,Product_1,Electronics,213.03
1944,2085,78,1,1221,3/11/2023,2908.59,Customer_1221,Cairo,customer1221@example.com,6/9/2024,Product_78,Clothing,500.25
1945,4647,70,5,1531,7/19/2021,1798.18,Customer_1531,Giza,customer1531@example.com,7/1/2023,Product_70,Electronics,2993.19
1946,3578,63,2,2775,7/6/2023,6653.78,Customer_2775,Alexandria,customer2775@example.com,5/12/2022,Product_63,Food,4448.47
1947,629,83,4,691,2/22/2022,8868.86,Customer_691,Giza,customer691@example.com,12/31/2020,Product_83,Electronics,4886.44
1948,731,21,1,2347,6/19/2021,8848.59,Customer_2347,Tanta,customer2347@example.com,9/9/2023,Product_21,Electronics,96.34
1949,1798,69,1,126,7/26/2023,2937.86,Customer_126,Mansoura,customer126@example.com,1/9/2023,Product_69,Books,3830.58
1950,950,98,5,2067,10/30/2024,8284.05,Customer_2067,Tanta,customer2067@example.com,10/29/2024,Product_98,Clothing,76.04
1951,4981,15,4,2804,6/22/2023,5394.89,Customer_2804,Alexandria,customer2804@example.com,11/21/2023,Product_15,Food,4986.15
1952,4273,78,3,594,5/20/2022,4190.32,Customer_594,Cairo,customer594@example.com,7/20/2021,Product_78,Clothing,500.25
1953,7,17,3,737,10/9/2024,4678.12,Customer_737,Mansoura,customer737@example.com,2/28/2022,Product_17,Food,1236.08
1954,1835,89,4,586,1/16/2022,3573.54,Customer_586,Cairo,customer586@example.com,11/22/2022,Product_89,Electronics,3701.86
1955,4509,15,5,2651,1/3/2025,8304.26,Customer_2651,Mansoura,customer2651@example.com,10/18/2023,Product_15,Food,4986.15
1956,4576,93,1,1516,12/28/2024,4321.84,Customer_1516,Giza,customer1516@example.com,3/14/2020,Product_93,Food,400.32
1957,836,1,4,2836,5/24/2023,6975.62,Customer_2836,Alexandria,customer2836@example.com,8/18/2023,Product_1,Electronics,213.03
1958,833,97,1,1760,9/4/2021,2844.08,Customer_1760,Giza,customer1760@example.com,12/17/2023,Product_97,Clothing,4099.86
1959,2673,46,2,2334,7/8/2021,4200.69,Customer_2334,Tanta,customer2334@example.com,11/12/2022,Product_46,Books,4701.18
1960,2017,85,2,1845,6/23/2021,1354.12,Customer_1845,Tanta,customer1845@example.com,4/24/2020,Product_85,Clothing,1711.88
1961,1551,88,3,2971,2/26/2024,6696.81,Customer_2971,Giza,customer2971@example.com,4/18/2023,Product_88,Electronics,4918.9
1962,3873,57,2,1894,3/21/2023,3585.92,Customer_1894,Cairo,customer1894@example.com,5/4/2025,Product_57,Books,2330.41
1963,3097,65,3,642,1/8/2024,6205.46,Customer_642,Giza,customer642@example.com,12/8/2021,Product_65,Clothing,3948.51
1964,4894,80,5,1543,11/26/2023,6679.21,Customer_1543,Mansoura,customer1543@example.com,9/30/2020,Product_80,Books,1059.08
1965,4881,81,2,1137,3/27/2024,5800.54,Customer_1137,Mansoura,customer1137@example.com,2/12/2025,Product_81,Electronics,1778.51
1966,2519,41,4,1675,9/26/2023,5195.69,Customer_1675,Tanta,customer1675@example.com,1/15/2022,Product_41,Electronics,956.49
1967,926,83,2,1064,6/13/2024,2644,Customer_1064,Alexandria,customer1064@example.com,12/29/2024,Product_83,Electronics,4886.44
1968,3153,24,1,2540,11/18/2024,8229.86,Customer_2540,Alexandria,customer2540@example.com,3/28/2022,Product_24,Books,143.69
1969,4888,55,3,2058,2/16/2024,2564.66,Customer_2058,Mansoura,customer2058@example.com,12/12/2022,Product_55,Food,1039.6
1970,2297,61,5,882,6/12/2022,2342.17,Customer_882,Alexandria,customer882@example.com,6/30/2024,Product_61,Clothing,4887.51
1971,2175,80,1,2332,4/3/2021,9590.21,Customer_2332,Giza,customer2332@example.com,6/16/2025,Product_80,Books,1059.08
1972,4998,16,1,1018,10/18/2022,8473.89,Customer_1018,Mansoura,customer1018@example.com,6/30/2020,Product_16,Books,2927.96
1973,3249,61,1,2448,1/3/2025,745.02,Customer_2448,Tanta,customer2448@example.com,10/1/2023,Product_61,Clothing,4887.51
1974,3950,32,2,1905,9/18/2021,3945.1,Customer_1905,Tanta,customer1905@example.com,3/6/2025,Product_32,Clothing,612.61
1975,2600,94,5,70,12/16/2022,2081.35,Customer_70,Mansoura,customer70@example.com,6/9/2024,Product_94,Books,2732.33
1976,4280,65,5,138,5/3/2023,1953.98,Customer_138,Tanta,customer138@example.com,3/24/2025,Product_65,Clothing,3948.51
1977,4334,69,3,651,8/25/2023,3545.9,Customer_651,Alexandria,customer651@example.com,2/21/2025,Product_69,Books,3830.58
1978,1738,49,2,827,2/25/2024,5271.34,Customer_827,Alexandria,customer827@example.com,12/11/2024,Product_49,Electronics,2487.22
1979,587,97,3,999,1/12/2021,4256.02,Customer_999,Giza,customer999@example.com,4/17/2025,Product_97,Clothing,4099.86
1980,3454,85,2,1325,5/23/2021,1651.57,Customer_1325,Tanta,customer1325@example.com,4/19/2020,Product_85,Clothing,1711.88
1981,4602,37,4,1299,1/19/2024,4360.85,Customer_1299,Cairo,customer1299@example.com,6/12/2023,Product_37,Clothing,3357.82
1982,491,55,1,924,8/12/2023,5454.56,Customer_924,Cairo,customer924@example.com,6/4/2021,Product_55,Food,1039.6
1983,3165,3,1,2022,6/18/2022,7618.84,Customer_2022,Giza,customer2022@example.com,9/5/2023,Product_3,Food,1172.91
1984,4931,22,4,1249,10/31/2021,1794.13,Customer_1249,Alexandria,customer1249@example.com,2/2/2020,Product_22,Books,4732.78
1985,3728,82,5,2145,4/20/2022,1897.67,Customer_2145,Giza,customer2145@example.com,3/12/2022,Product_82,Books,4288.29
1986,4573,63,5,1294,2/8/2024,332.1,Customer_1294,Mansoura,customer1294@example.com,3/4/2023,Product_63,Food,4448.47
1987,3801,18,1,427,2/26/2024,3511.07,Customer_427,Giza,customer427@example.com,8/25/2024,Product_18,Electronics,1004.49
1988,1599,71,2,2112,7/28/2023,186.58,Customer_2112,Alexandria,customer2112@example.com,2/1/2025,Product_71,Food,2771.35
1989,2188,31,1,1681,12/14/2021,4617.83,Customer_1681,Tanta,customer1681@example.com,3/2/2025,Product_31,Clothing,803.97
1990,895,16,4,207,3/4/2021,7247.17,Customer_207,Mansoura,customer207@example.com,5/20/2023,Product_16,Books,2927.96
1991,2600,63,2,70,12/16/2022,2081.35,Customer_70,Mansoura,customer70@example.com,6/9/2024,Product_63,Food,4448.47
1992,4858,19,3,1925,2/1/2023,7648.13,Customer_1925,Cairo,customer1925@example.com,7/13/2024,Product_19,Clothing,4776.48
1993,3872,99,5,2598,7/28/2024,1050.5,Customer_2598,Giza,customer2598@example.com,7/15/2023,Product_99,Food,1026.63
1994,1030,65,4,1389,9/15/2022,7920.37,Customer_1389,Giza,customer1389@example.com,5/24/2025,Product_65,Clothing,3948.51
1995,3508,74,3,1635,9/29/2022,8435.43,Customer_1635,Cairo,customer1635@example.com,1/27/2023,Product_74,Books,1450.23
1996,1613,54,1,2513,1/6/2021,6526.11,Customer_2513,Mansoura,customer2513@example.com,2/13/2023,Product_54,Clothing,1537.55
1997,2745,2,2,2050,6/19/2021,8579.17,Customer_2050,Tanta,customer2050@example.com,8/17/2020,Product_2,Clothing,3751.87
1998,2767,80,3,1859,3/1/2023,2890.96,Customer_1859,Tanta,customer1859@example.com,11/30/2021,Product_80,Books,1059.08
1999,2142,51,1,2228,12/27/2024,401.12,Customer_2228,Mansoura,customer2228@example.com,12/19/2021,Product_51,Clothing,743.17
2000,2569,55,3,1368,4/16/2022,9250.63,Customer_1368,Alexandria,customer1368@example.com,4/29/2025,Product_55,Food,1039.6
